categorize;recipe_name;tags;avg_score;difficulty;ingredient;rating_count;calorie;preparation_time;comment_user;recipe_url
Geränken;Glühwein-Kirsch-Marmelade;['Aufstrich', 'Winter', 'Weihnachten', 'Frucht', 'gekocht', 'Haltbarmachen'];0;simpel;['1', 'Orange(n)', '500ml', 'Rotwein', '8', 'Gewürznelke(n)', '4', 'Sternanis', '2', 'Zimtstange(n)', '1Glas', 'Sauerkirschen(720ml)', '300g', 'Gelierzucker3:1'];0;NA;20 Min;NA;"https://www.chefkoch.de/rezepte/3431961511280215/Gluehwein-Kirsch-Marmelade.html
"
Geränken;Schichtdessert Glühwein-Pflaumen und Spekulatius;['raffiniertoderpreiswert', 'Winter', 'Dessert', 'Weihnachten', 'Frucht', 'gekocht'];0;simpel;['500ml', 'GlühweinoderKinderpunsch', '3EL', 'Zucker', '1', 'Sternanis', '200g', 'ZwetschgenoderPflaumen', '200g', 'Spekulatius', '50g', 'Butter', '1Becher', 'Sahne,200g', '2EL', 'Puderzucker'];0;NA;30 Min;NA;"https://www.chefkoch.de/rezepte/3600411541349189/Schichtdessert-Gluehwein-Pflaumen-und-Spekulatius.html
"
Geränken;Weißer Glühwein;['Getränk', 'Winter', 'Weihnachten', 'Punsch'];0;simpel;['500ml', 'Weißwein(Riesling)', '700ml', 'Apfelsaft,naturtrüb', '½Stange/n', 'Zimt', '1', 'Sternanis', '3', 'Nelke(n)', '1Schuss', 'Orangensaft', '½', 'Orange(n),unbehandelt', '½', 'Zitrone(n),unbehandelt'];0;NA;10 Min;NA;"https://www.chefkoch.de/rezepte/3611041542916125/Weisser-Gluehwein.html
"
Geränken;Weißer Glühwein mit süßem Viez;['Getränk', 'Party', 'Winter', 'Weihnachten', 'Punsch'];0;simpel;['750ml', 'Weißwein(Weißburgunder)', '250ml', 'Apfelsaft(süßerViez)', '½', 'Zitrone(n)', '½', 'Vanilleschote(n)', '5', 'Nelke(n)', '1½EL', 'Zucker', 'Zimt'];0;NA;10 Min;NA;"https://www.chefkoch.de/rezepte/3772241574616242/Weisser-Gluehwein-mit-suessem-Viez.html
"
Geränken;Glühwein Spritz;['Getränk', 'Longdrink', 'Party', 'Winter', 'Weihnachten'];0;simpel;['50ml', 'Glühwein,kalt', '1Schuss', 'Mineralwasser,classic', '1cl', 'Orangenlikör,nachGeschmackauchmehr', '100ml', 'Sekt,ProseccooderWeißwein', 'Orangenscheibe(n)oderOrangenzeste', 'Eiswürfel'];0;NA;5 Min;NA;"https://www.chefkoch.de/rezepte/3774431575097692/Gluehwein-Spritz.html
"
Geränken;Glühwein - Rumkirschen - Schnitten;['Backen', 'Winter', 'Kuchen'];0;normal;['2Gläser', 'Schattenmorellen', '4EL', 'Rum(mindestens54%ig)', '200g', 'Schokolade(Blättchen,zartbitter)', '300g', 'Butter', '250g', 'Puderzucker', '6m.-große', 'Ei(er)', '1Beutel', 'Vanillezucker', '200ml', 'Wein(Glühwein)', '400g', 'Mehl', '2EL', 'Speisestärke', '1Beutel', 'Backpulver', '350g', 'PuderzuckerfürdenGuss', '6EL', 'Wein(Glühwein)fürdenGuss', '1EL', 'RumfürdenGuss', 'Schokodekor(BlättchenoderFiguren)', 'Kirsche(n)(kandiertoderfrisch)zurDekoration'];0;NA;20 Min;NA;"https://www.chefkoch.de/rezepte/776621180681816/Gluehwein-Rumkirschen-Schnitten.html
"
Geränken;Glühwein von Schafgarben;['Getränk', 'Sommer', 'Europa', 'Deutschland', 'Punsch', 'Geheimrezept'];0;normal;['Schafgarbe,ein250mlGefäßvoll', '1.000ml', 'Wein,rot,trocken', '1', 'Gewürznelke(n)', '1', 'Lorbeerblatt', '½Stange/n', 'Zimt', '3', 'Orange(n),davonderSaft', '1', 'Orange(n),ungespritzt,davondieSchaleabgerieben'];0;NA;15 Min;NA;"https://www.chefkoch.de/rezepte/835561188311377/Gluehwein-von-Schafgarben.html
"
Geränken;Herbstlicher Glühwein;['Getränk', 'Party', 'Winter', 'Herbst', 'Punsch'];0;simpel;['¾Liter', 'Rotwein,trocken', '100g', 'Zucker', '1Stange/n', 'Zimt', '2', 'Gewürznelke(n)', '¼', 'Vanilleschote(n)', '1', 'Sternanis', '4Scheibe/n', 'Zitrone(n)'];0;NA;10 Min;NA;"https://www.chefkoch.de/rezepte/893771194882947/Herbstlicher-Gluehwein.html
"
Geränken;Glühweinapfeltaschen;['Backen', 'Winter', 'Kuchen', 'Herbst', 'Frucht'];0;simpel;['1Pck.', 'Blätterteig(Kühlregal)', '8EL', 'Apfelmus', '1kleiner', 'Apfel', '1TL', 'Zimt', '1TL', 'Zucker', '100ml', 'Glühwein'];0;NA;20 Min;NA;"https://www.chefkoch.de/rezepte/3360511499698313/Gluehweinapfeltaschen.html
"
Geränken;Glühweinbärchen;['Vegetarisch', 'Winter', 'Weihnachten', 'Konfiserie'];0;simpel;['300ml', 'Rotwein', '1Beutel', 'Glühweingewürz', '4EL', 'Sirup,(Karamellsirup)', '4g', 'Agar-Agar', '3g', 'Zitronensäure', '1TL', 'Zucker', '3g', 'Pektin,(Apfelpektin)'];0;NA;25 Min;NA;"https://www.chefkoch.de/rezepte/2284931364334763/Gluehweinbaerchen.html
"
Geränken;Glühweinbowle;['Getränk', 'Party', 'Winter', 'Silvester', 'Bowle'];0;simpel;['2Flaschen', 'Glühwein', '1Glas', 'Kirsche(n)', '1Flasche', 'Amaretto'];0;NA;5 Min;NA;"https://www.chefkoch.de/rezepte/1012141206376364/Gluehweinbowle.html
"
Geränken;Glühweinbowle;['Getränk', 'Winter', 'Weihnachten', 'Bowle'];0;simpel;['300g', 'Beeren,TK-Beerencocktail', '1', 'Orange(n)', '1½Liter', 'Rotwein,trockener', '2', 'Glühweinbeutel', '1Stange/n', 'Zimt', '3EL', 'Zucker'];0;NA;15 Min;NA;"https://www.chefkoch.de/rezepte/1577431265271394/Gluehweinbowle.html
"
Geränken;Glühweinbraten vom Rind;['Hauptspeise', 'Rind', 'Europa', 'Winter', 'Deutschland', 'Schmoren', 'Weihnachten', 'Festlich'];0;normal;['2,4kg', 'Rindfleisch,HerzderHüfte', '2Liter', 'Rotwein,lieblich', '1', 'Zitrone(n),unbehandelt,derAbriebdavon', '1', 'Orange(n),unbehandelt,derAbriebdavon', '6', 'Zwiebel(n)', '4EL', 'Zucker,brauner', '1Bund', 'Suppengrün', '125g', 'Speck', '3TL', 'Pfeffer,ganz', '2TL', 'Rosmarin', '2TL', 'Wacholderbeere(n),getrocknet', '2TL', 'Oregano,getrocknet', '2TL', 'Piment,getrocknet', '2TL', 'Estragon,getrocknet', '2TL', 'Thymian,getrocknet', '2TL', 'Zimtpulver', '6', 'Nelke(n),ganz', '1Liter', 'Sahne', 'evtl.', 'Saucenbinder', 'Salz'];0;NA;20 Min;NA;"https://www.chefkoch.de/rezepte/2680351420623438/Gluehweinbraten-vom-Rind.html
"
Geränken;Glühweindessert;['Winter', 'Dessert', 'Herbst', 'Weihnachten'];0;simpel;['100ml', 'Orangensaft', '100ml', 'Saft,(Cassissaft)', '400ml', 'Rotwein', '1', 'Zitrone(n),abgeriebeneSchale', '100g', 'Zucker,braun', '3', 'Eiweiß', '4EL', 'Glühweingewürz'];0;200kcal;20 Min;NA;"https://www.chefkoch.de/rezepte/1530011258466282/Gluehweindessert.html
"
Geränken;Weihnachtsgans mit Glühweinessenz;['Hauptspeise', 'Geflügel', 'Braten', 'Weihnachten', 'Festlich'];0;normal;['1', 'Gans,4-5kg,mitHalsundInnereien', '4', 'Äpfel(Boskoop)', '500g', 'Marone(n),geschält,vorgegart', '2EL', 'Beifuß,vomStängelgezupfteBlätterundBlüten', '150g', 'Lebkuchen(Pfefferkuchen)', '125ml', 'Glühwein(Essenz)', '1Liter', 'Gemüsebrühe', '500ml', 'Rotwein', '500g', 'Suppengemüse', '3EL', 'Salz', '2TL', 'Pfeffer', '8Stängel', 'Thymian,frisch', '5EL', 'Mehl'];0;NA;60 Min;NA;"https://www.chefkoch.de/rezepte/2285101364378613/Weihnachtsgans-mit-Gluehweinessenz.html
"
Geränken;Glühweingebäck;['Backen', 'Weihnachten', 'Kekse'];0;normal;['250g', 'Butter,weich', '250g', 'Zucker', '1Pck.', 'Vanillinzucker', '1Prise(n)', 'Salz', '2', 'Ei(er)', '1EL', 'Milch', '500g', 'Mehl', '2TL,gestr.', 'Backpulver', '150g', 'Puderzucker', '3EL', 'Glühwein', 'evtl.', 'Zuckerstreusel,oderÄhnliches,fürdieDekoration'];0;NA;25 Min;NA;"https://www.chefkoch.de/rezepte/2697731422611287/Gluehweingebaeck.html
"
Geränken;Leckeres Glühweingelee;['Schnell', 'einfach', 'Aufstrich', 'Frühstück', 'Winter', 'Weihnachten', 'Haltbarmachen'];0;simpel;['1Beutel', 'Glühweingewürz(Glühfix)', '150ml', 'Rotwein', '150ml', 'Apfelsaft', '1große', 'Orange(n)', '250g', 'Gelierzucker,2.1'];0;NA;35 Min;NA;"https://www.chefkoch.de/rezepte/1590711266411883/Leckeres-Gluehweingelee.html
"
Geränken;Glühweingelee;['raffiniertoderpreiswert', 'Aufstrich', 'Weihnachten', 'gekocht', 'Haltbarmachen'];0;normal;['550ml', 'Rotwein,trocken', '150ml', 'Orangensaft,frischgepresst', '2Beutel', 'Glühweingewürz', '8Tropfen', 'Rumaroma', '500g', 'Gelierzucker(2:1)'];0;NA;10 Min;NA;"https://www.chefkoch.de/rezepte/1713841280165629/Gluehweingelee.html
"
Geränken;Glühweingelee mit Trauben und Pflaumen;['Vorspeise', 'kalt', 'Aufstrich', 'Frühstück', 'Winter', 'Herbst', 'Haltbarmachen'];0;simpel;['850ml', 'Glühwein', '1Beutel', 'Glühweingewürz*', '600g', 'Weintrauben', '400g', 'Pflaume(n),entsteint', '1.000g', 'Zucker,weißer', '180ml', 'Zitronensaft,(beisehrsüßerFruchtmasse)', '2Beutel', 'Gelfix1:1'];0;NA;40 Min;NA;"https://www.chefkoch.de/rezepte/2402441379666830/Gluehweingelee-mit-Trauben-und-Pflaumen.html
"
Geränken;Glühweingelee;['Aufstrich', 'Frühstück', 'Winter', 'Weihnachten', 'Haltbarmachen'];0;simpel;['200ml', 'Rotwein,trocken', '200ml', 'Traubensaft,rot', '100ml', 'Orangensaft,frischgepresst', '1Stange/n', 'Zimt', '6', 'Nelke(n)', '2', 'Sternanis', '1Msp.', 'Kardamom', '½', 'Zitrone(n),Bio', '300g', 'Gelierzucker', '3EL', 'Rum'];0;NA;10 Min;NA;"https://www.chefkoch.de/rezepte/2685591421225068/Gluehweingelee.html
"
Geränken;Glühweingelee;['Aufstrich', 'Frühstück', 'Winter', 'gekocht', 'Haltbarmachen'];0;normal;['250ml', 'Glühwein(Heidelbeerglühwein)', '500ml', 'Orangensaft', '500g', 'Gelierzucker2:1', 'TL', 'Zimt'];0;NA;20 Min;NA;"https://www.chefkoch.de/rezepte/3228821480343830/Gluehweingelee.html
"
Geränken;Glühweingelee;['Aufstrich', 'Winter', 'Weihnachten', 'gekocht', 'Haltbarmachen'];0;simpel;['1Liter', 'Rotwein,trocken,z.B.Merlot', '1Stange/n', 'Zimt', '1', 'Zitrone(n),unbehandelt,geviertelt', '1', 'Clementine(n),ohneSchale,inScheiben', '2', 'Sternanis', '1', 'Gewürznelke(n)', '1kg', 'Gelierzucker(1:1)'];0;NA;30 Min;NA;"https://www.chefkoch.de/rezepte/905961195829229/Gluehweingelee.html
"
Geränken;Lebkuchenmousse mit Glühweinkirschen;['Winter', 'Dessert', 'Weihnachten', 'Frucht', 'gekocht'];0;normal;['6Blatt', 'Gelatine', '100g', 'Lebkuchen(Schokoladenlebkuchen)', '2', 'Ei(er)', '60g', 'Zucker', '150g', 'saureSahne', '200ml', 'Schlagsahne', '½TL', 'Lebkuchengewürz'];0;602kcal;45 Min;NA;"https://www.chefkoch.de/rezepte/2982681451034142/Lebkuchenmousse-mit-Gluehweinkirschen.html
"
Geränken;Glühweinkranz;['Backen', 'Winter', 'Kuchen', 'Weihnachten', 'Festlich'];0;normal;['6', 'Eigelb', '200g', 'Rohrzucker', '1Pck.', 'Bourbon-Vanillezucker', '1Fläschchen', 'Rumaroma', '100g', 'Mandeln,gemahlen', '100g', 'Schokolade,geraffelt', '100g', 'Mehl,gesiebt', '½TL', 'Backpulver', '6', 'Eiweiß', 'FettundMehlfürdieForm'];0;NA;45 Min;NA;"https://www.chefkoch.de/rezepte/16471000041381/Gluehweinkranz.html
"
Geränken;Kleine Glühweinkrapfen;['Vegetarisch', 'Schnell', 'einfach', 'Fingerfood', 'Winter', 'Weihnachten', 'Frittieren'];0;normal;['75g', 'Butter,weiche', '70g', 'Zucker', '1', 'Ei(er)', '270g', 'Mehl', '½Pck.', 'Backpulver', '½TL', 'Lebkuchengewürz', '1Prise(n)', 'Salz', '140ml', 'Glühwein'];0;NA;15 Min;NA;"https://www.chefkoch.de/rezepte/3232441480873474/Kleine-Gluehweinkrapfen.html
"
Geränken;Leckerer saftiger Glühweinkuchen;['Backen', 'Winter', 'Kuchen', 'Weihnachten'];0;simpel;['75ml', 'Rotwein', '½', 'Zitrone(n),unbehandelt,inScheiben', '2Stange/n', 'Zimt', '½TL', 'Nelke(n)', '2TL', 'Zucker'];0;NA;20 Min;NA;"https://www.chefkoch.de/rezepte/1251561230364765/Leckerer-saftiger-Gluehweinkuchen.html
"
Geränken;Glühweinkuchen;['Backen', 'Winter', 'Kuchen', 'Weihnachten'];0;normal;['4', 'Ei(er)', '150ml', 'Glühwein', '250g', 'Butter', '200g', 'Zucker', '300g', 'Mehl', '1Pck.', 'Backpulver', '1TL', 'Zimtpulver', '1EL', 'Lebkuchengewürz', '50g', 'Schokoladenraspel'];0;NA;15 Min;NA;"https://www.chefkoch.de/rezepte/1597751267010288/Gluehweinkuchen.html
"
Geränken;Glühweinkuchen;['Backen', 'Winter', 'Kuchen', 'Weihnachten'];0;normal;['200g', 'Margarine', '200g', 'Zucker', '1Prise(n)', 'Salz', '4', 'Ei(er)', '2', 'Orange(n),unbehandelte', '350g', 'Mehl', '2TL', 'Backpulver'];0;NA;30 Min;NA;"https://www.chefkoch.de/rezepte/702731172913831/Gluehweinkuchen.html
"
Geränken;Glühweinkuchen;['Backen', 'Winter', 'Kuchen', 'Weihnachten'];0;normal;['160ml', 'Wein(Glühwein)', '250g', 'Butter', '250g', 'Zucker', '½EL', 'Vanillezucker', '4', 'Ei(er)', '375g', 'Mehl', '1TL', 'Backpulver', '180g', 'Schokoladenraspel', 'PuderzuckerzumBestäuben'];0;NA;15 Min;NA;"https://www.chefkoch.de/rezepte/744011176991419/Gluehweinkuchen.html
"
Geränken;Glühweinkuchen;['Backen', 'Winter', 'Kuchen'];0;normal;['250g', 'Butter,weiche', '125g', 'Zucker', '1Prise(n)', 'Vanillezucker', '4', 'Ei(er)', '250g', 'Mehl', '2TL', 'Backpulver', '150g', 'Schokoladenraspel', '⅛Liter', 'Wein(Glühwein)'];0;NA;20 Min;NA;"https://www.chefkoch.de/rezepte/749181177482055/Gluehweinkuchen.html
"
Geränken;Apfeltorte mit Mascarponecreme;['Backen', 'Torte', 'Weihnachten', 'Festlich'];4.45;pfiffig;['4', 'Ei(er)', '2EL', 'Wasser,kalt', '120g', 'Zucker', '140g', 'Haselnüsse', '80g', 'Speisestärke', '1TL,gehäuft', 'Backpulver'];9;NA;60 Min;[{'rating': 'rating-5', 'name': 'Kreasy', 'sex': 'weiblich', 'age': '26 Jahre', 'marriage_status': 'None', 'job': 'Studentin'}, {'rating': 'rating-5', 'name': 'Kameleonin', 'sex': 'weiblich', 'age': 'None', 'marriage_status': 'Verheiratet', 'job': 'None'}, {'rating': 'rating-5', 'name': 'spirit82', 'sex': 'weiblich', 'age': 'None', 'marriage_status': 'None', 'job': 'None'}];"https://www.chefkoch.de/rezepte/2290601365202860/Apfeltorte-mit-Mascarponecreme.html
"
Geränken;Couscous-Salat mit Zucchini, Aubergine, Feta;['Salat', 'Gemüse', 'Sommer', 'Vegetarisch', 'Beilage', 'Party', 'Reis-oderNudelsalat'];4.45;simpel;['250g', 'Couscous', '1TL', 'Gemüsebrühe,instant', 'n.B.', 'Wasser', '2', 'Zucchini', '2', 'Aubergine(n)', '200g', 'Feta-Käse', '2m.-große', 'Zwiebel(n),gewürfelt', 'etwas', 'Öl,zumBraten', 'einige', 'Tomate(n),getrocknete,inÖleingelegt', 'n.B.', 'Minze', 'SalzundPfeffer'];9;NA;45 Min;[{'rating': 'rating-5', 'name': 'Katrischka', 'sex': 'weiblich', 'age': '36 Jahre', 'marriage_status': 'None', 'job': 'Qualitätsingenieurin und Mama'}, {'rating': 'rating-5', 'name': 'Stinkichilli', 'sex': 'weiblich', 'age': 'None', 'marriage_status': 'None', 'job': 'None'}, {'rating': 'rating-5', 'name': 'pmuk', 'sex': 'männlich', 'age': 'None', 'marriage_status': 'Single', 'job': 'None'}, {'rating': 'rating-5', 'name': 'tah-lee', 'sex': 'männlich', 'age': 'None', 'marriage_status': 'None', 'job': 'None'}, {'rating': 'rating-5', 'name': 'lillieee', 'sex': 'weiblich', 'age': '41 Jahre', 'marriage_status': 'None', 'job': 'None'}, {'rating': 'rating-5', 'name': 'ruthio', 'sex': 'weiblich', 'age': 'None', 'marriage_status': 'Verheiratet', 'job': 'None'}];"https://www.chefkoch.de/rezepte/2560911400838885/Couscous-Salat-mit-Zucchini-Aubergine-Feta.html
"
Geränken;TASTErias Balsamico-Auberginen;['Gemüse', 'Vorspeise', 'kalt', 'Sommer', 'Vegetarisch', 'Beilage', 'Party', 'Vegan', 'Snack', 'marinieren', 'LowCarb'];4.45;normal;['1große', 'Aubergine(n)', '50ml', 'Olivenöl,guteQualität', '2EL', 'Balsamico,dunkler', '1EL,gestr.', 'Zucker', 'SalzundPfeffer', '2Zehe/n', 'Knoblauch', 'Rosmarin', 'etwas', 'Öl,zumAnbraten'];9;678kcal;30 Min;[{'rating': 'rating-5', 'name': 'Bine60', 'sex': 'weiblich', 'age': 'None', 'marriage_status': 'Verheiratet', 'job': 'kaufm. Angestellte'}, {'rating': 'rating-5', 'name': 'Buitre', 'sex': 'weiblich', 'age': 'None', 'marriage_status': 'None', 'job': 'None'}, {'rating': 'rating-5', 'name': 'julchen1508', 'sex': 'weiblich', 'age': 'None', 'marriage_status': 'None', 'job': 'None'}, {'rating': 'rating-4', 'name': 'Silbernerstern', 'sex': 'weiblich', 'age': '61 Jahre', 'marriage_status': 'None', 'job': 'None'}, {'rating': 'rating-5', 'name': 'Erdbeere1706', 'sex': 'weiblich', 'age': '64 Jahre', 'marriage_status': 'Verheiratet', 'job': 'None'}, {'rating': 'rating-5', 'name': 'Nini02', 'sex': 'weiblich', 'age': '47 Jahre', 'marriage_status': 'Verheiratet', 'job': 'None'}, {'rating': 'rating-5', 'name': 'TASTEria', 'sex': 'weiblich', 'age': 'None', 'marriage_status': 'None', 'job': 'None'}];"https://www.chefkoch.de/rezepte/2600181408524152/TASTErias-Balsamico-Auberginen.html
"
Geränken;Ayran;['Getränk', 'Sommer', 'Vegetarisch', 'Schnell', 'einfach', 'Türkei', 'Shake', 'Lactose'];4.45;simpel;['500g', 'Joghurt,türkischer', '400ml', 'Wasser,kaltes', '1TL,gehäuft', 'Salz'];9;86kcal;3 Min;[{'rating': 'rating-5', 'name': 'Dessimaus', 'sex': 'weiblich', 'age': '35 Jahre', 'marriage_status': 'None', 'job': 'None'}, {'rating': 'rating-5', 'name': 'sandy200670', 'sex': 'weiblich', 'age': '49 Jahre', 'marriage_status': 'Verheiratet', 'job': 'Naturpädagogin, Office Managerin'}, {'rating': 'rating-5', 'name': 'norinka', 'sex': 'None', 'age': 'None', 'marriage_status': 'Vergeben', 'job': 'tagespflegeperson'}, {'rating': 'rating-5', 'name': 'Drachenfruit', 'sex': 'weiblich', 'age': '28 Jahre', 'marriage_status': 'None', 'job': 'Hausfrau und Mutti'}, {'rating': 'rating-4', 'name': 'Frank_E_Meyer', 'sex': 'männlich', 'age': 'None', 'marriage_status': 'None', 'job': 'None'}, {'rating': 'rating-5', 'name': 'Kniko', 'sex': 'männlich', 'age': '32 Jahre', 'marriage_status': 'Vergeben', 'job': 'Student der Medieninformatik'}, {'rating': 'rating-5', 'name': 'Aysel75', 'sex': 'weiblich', 'age': '45 Jahre', 'marriage_status': 'Verheiratet', 'job': 'None'}, {'rating': 'rating-5', 'name': 'Noumie', 'sex': 'weiblich', 'age': '46 Jahre', 'marriage_status': 'None', 'job': 'None'}];"https://www.chefkoch.de/rezepte/2342761372850088/Ayran.html
"
Geränken;Süsskartoffel-Rosinen-Brot;['Backen', 'Vegetarisch', 'Frühstück', 'Winter', 'Herbst', 'BrotoderBrötchen', 'Gluten', 'Lactose'];4.45;simpel;['350g', 'Mehl', '2TL', 'Backpulver', '½TL', 'Salz', '1TL', 'Zimt', '½TL', 'Muskat', '500g', 'Süßkartoffel(n)', '100g', 'Zucker,braun', '120g', 'Butter', '3', 'Ei(er)', '100g', 'Rosinen'];31;3400kcal;30 Min;NA;"https://www.chefkoch.de/rezepte/31911008692054/Suesskartoffel-Rosinen-Brot.html
"
Geränken;Walnuss - Sahnetorte;['Backen', 'Vegetarisch', 'Winter', 'Torte', 'Gluten', 'Lactose'];4.45;normal;['300g', 'Mehl', '175g', 'Puderzucker', '200g', 'Walnüsse,gemahlen', '175g', 'ButteroderMargarine', '5Blatt', 'Gelatine', '4EL', 'Amaretto', '1.000ml', 'Sahne', '2Pck.', 'Vanillinzucker'];9;6017kcal;30 Min;[{'rating': 'rating-5', 'name': 'schnucki3890', 'sex': 'weiblich', 'age': '50 Jahre', 'marriage_status': 'Vergeben', 'job': 'Haufrau - Mutter'}, {'rating': 'rating-4', 'name': 'rosenmarilis', 'sex': 'weiblich', 'age': 'None', 'marriage_status': 'None', 'job': 'None'}, {'rating': 'rating-5', 'name': 'schorlchen', 'sex': 'weiblich', 'age': '58 Jahre', 'marriage_status': 'Verheiratet', 'job': 'selbstständig im medienbereich'}, {'rating': 'rating-5', 'name': 'knoedelmaus', 'sex': 'weiblich', 'age': 'None', 'marriage_status': 'Vergeben', 'job': 'Hausfrau'}];"https://www.chefkoch.de/rezepte/1520401257256904/Walnuss-Sahnetorte.html
"
Geränken;Rote Bete Lasagne mit Feta und Honig;['Gemüse', 'Hauptspeise', 'Sommer', 'Auflauf', 'Vegetarisch', 'Lactose'];4.45;normal;['2Knolle/n', 'RoteBete,frische', '2Pck.', 'Feta-Käse,möglichstechterSchafskäse', '1Handvoll', 'Kräuter,frische,gemischt(Thymian,Majoran,Estragonund/oderRosmarin)', '4EL', 'Honig', '5EL', 'Olivenöl,gutes'];108;474kcal;20 Min;[{'rating': 'rating-5', 'name': 'roelimaus', 'sex': 'weiblich', 'age': 'None', 'marriage_status': 'Single', 'job': 'Studentin'}, {'rating': 'rating-5', 'name': 'Woody_82', 'sex': 'weiblich', 'age': '37 Jahre', 'marriage_status': 'None', 'job': 'None'}, {'rating': 'rating-5', 'name': 'andy_ay', 'sex': 'weiblich', 'age': '22 Jahre', 'marriage_status': 'None', 'job': 'None'}, {'rating': 'rating-5', 'name': 'schaech001', 'sex': 'weiblich', 'age': '69 Jahre', 'marriage_status': 'Verwitwet', 'job': 'Rentnerin'}, {'rating': 'rating-4', 'name': 'gabipan', 'sex': 'weiblich', 'age': 'None', 'marriage_status': 'Verheiratet', 'job': 'None'}, {'rating': 'rating-3', 'name': 'Engelchen3000', 'sex': 'weiblich', 'age': '29 Jahre', 'marriage_status': 'None', 'job': 'Medizinischer Bereich'}, {'rating': 'rating-4', 'name': 'j1a1b1', 'sex': 'weiblich', 'age': 'None', 'marriage_status': 'None', 'job': 'Dies und das'}, {'rating': 'rating-5', 'name': 'cherry-la-boom', 'sex': 'weiblich', 'age': 'None', 'marriage_status': 'None', 'job': 'None'}, {'rating': 'rating-4', 'name': 'Stiti82', 'sex': 'weiblich', 'age': '38 Jahre', 'marriage_status': 'Verheiratet', 'job': 'Bankkauffrau'}, {'rating': 'rating-5', 'name': 'wx666', 'sex': 'männlich', 'age': 'None', 'marriage_status': 'None', 'job': 'None'}, {'rating': 'rating-5', 'name': 'jokocon', 'sex': 'männlich', 'age': '51 Jahre', 'marriage_status': 'Vergeben', 'job': 'None'}, {'rating': 'rating-5', 'name': 'NadFries', 'sex': 'weiblich', 'age': '35 Jahre', 'marriage_status': 'Verheiratet', 'job': 'None'}, {'rating': 'rating-4', 'name': 'Jay-copson', 'sex': 'weiblich', 'age': '32 Jahre', 'marriage_status': 'None', 'job': 'None'}, {'rating': 'rating-5', 'name': 'Christine_Z', 'sex': 'weiblich', 'age': '36 Jahre', 'marriage_status': 'None', 'job': 'None'}, {'rating': 'rating-3', 'name': 'jua', 'sex': 'weiblich', 'age': 'None', 'marriage_status': 'None', 'job': 'None'}, {'rating': 'rating-5', 'name': 'Hogan185', 'sex': 'weiblich', 'age': 'None', 'marriage_status': 'None', 'job': 'None'}, {'rating': 'rating-5', 'name': 'dreipiachtel', 'sex': 'weiblich', 'age': 'None', 'marriage_status': 'None', 'job': 'None'}, {'rating': 'rating-5', 'name': 'Ken_Hom', 'sex': 'männlich', 'age': '56 Jahre', 'marriage_status': 'None', 'job': 'None'}, {'rating': 'rating-3', 'name': 'räuber-tochter', 'sex': 'weiblich', 'age': 'None', 'marriage_status': 'Vergeben', 'job': 'None'}, {'rating': 'rating-5', 'name': 'Freizeitköchin0407', 'sex': 'weiblich', 'age': 'None', 'marriage_status': 'None', 'job': 'None'}, {'rating': 'rating-4', 'name': 'ßeimen', 'sex': 'männlich', 'age': '48 Jahre', 'marriage_status': 'None', 'job': 'None'}, {'rating': 'rating-5', 'name': 'Wildkräuterfan', 'sex': 'weiblich', 'age': 'None', 'marriage_status': 'None', 'job': 'None'}, {'rating': 'rating-5', 'name': 'Superpenno', 'sex': 'weiblich', 'age': 'None', 'marriage_status': 'None', 'job': 'None'}, {'rating': 'rating-5', 'name': 'trachurus', 'sex': 'weiblich', 'age': 'None', 'marriage_status': 'None', 'job': 'None'}, {'rating': 'rating-4', 'name': 'freshflash', 'sex': 'weiblich', 'age': 'None', 'marriage_status': 'None', 'job': 'None'}, {'rating': 'rating-4', 'name': 'Die_Flinke', 'sex': 'weiblich', 'age': 'None', 'marriage_status': 'Verheiratet', 'job': 'Call Center Agent und Online Shop Besitzerin'}, {'rating': 'rating-5', 'name': 'CldGrg', 'sex': 'None', 'age': 'None', 'marriage_status': 'Verheiratet', 'job': 'None'}, {'rating': 'rating-5', 'name': 'Katharilillie', 'sex': 'weiblich', 'age': 'None', 'marriage_status': 'Vergeben', 'job': 'None'}, {'rating': 'rating-4', 'name': 'carna', 'sex': 'weiblich', 'age': 'None', 'marriage_status': 'Vergeben', 'job': 'None'}, {'rating': 'rating-5', 'name': 'Lillifee00', 'sex': 'weiblich', 'age': '30 Jahre', 'marriage_status': 'None', 'job': 'None'}, {'rating': 'rating-4', 'name': 'fredl3', 'sex': 'weiblich', 'age': '37 Jahre', 'marriage_status': 'None', 'job': 'None'}, {'rating': 'rating-4', 'name': 'Savoirvivre', 'sex': 'None', 'age': '41 Jahre', 'marriage_status': 'Verheiratet', 'job': 'None'}, {'rating': 'rating-5', 'name': 'Rina2014', 'sex': 'weiblich', 'age': 'None', 'marriage_status': 'None', 'job': 'None'}, {'rating': 'rating-5', 'name': 'sonyeah15', 'sex': 'weiblich', 'age': '30 Jahre', 'marriage_status': 'Vergeben', 'job': 'None'}, {'rating': 'rating-5', 'name': 'xeor', 'sex': 'weiblich', 'age': '33 Jahre', 'marriage_status': 'None', 'job': 'None'}, {'rating': 'rating-4', 'name': 'Levitate', 'sex': 'männlich', 'age': 'None', 'marriage_status': 'None', 'job': 'Soundanalytiker'}, {'rating': 'rating-5', 'name': 'Smartie451', 'sex': 'weiblich', 'age': 'None', 'marriage_status': 'None', 'job': 'None'}, {'rating': 'rating-5', 'name': 'kerli-heartless', 'sex': 'weiblich', 'age': '23 Jahre', 'marriage_status': 'None', 'job': 'Schülerin'}, {'rating': 'rating-5', 'name': 'Lisa_isst', 'sex': 'weiblich', 'age': 'None', 'marriage_status': 'Verheiratet', 'job': 'None'}, {'rating': 'rating-5', 'name': 'Eneleh1961', 'sex': 'weiblich', 'age': 'None', 'marriage_status': 'None', 'job': 'None'}, {'rating': 'rating-5', 'name': 'Glory84', 'sex': 'weiblich', 'age': '35 Jahre', 'marriage_status': 'None', 'job': 'None'}, {'rating': 'rating-5', 'name': 'schmitzki', 'sex': 'männlich', 'age': 'None', 'marriage_status': 'None', 'job': 'None'}, {'rating': 'rating-4', 'name': 'birke_julia', 'sex': 'weiblich', 'age': 'None', 'marriage_status': 'None', 'job': 'None'}];"https://www.chefkoch.de/rezepte/2211911354222131/Rote-Bete-Lasagne-mit-Feta-und-Honig.html
"
Geränken;Birnen und Teig mit Speck;['Fleisch', 'Sommer', 'Europa', 'Auflauf', 'Deutschland', 'Süßspeise', 'Herbst', 'cross-cooking', 'Gluten', 'Lactose'];4.45;simpel;['500g', 'Birne(n)', '1EL', 'Zucker', 'etwas', 'Zimt', '250g', 'Speck,durchwachsener,indünneScheibengeschnitten', 'FettfürdieForm'];9;4143kcal;25 Min;[{'rating': 'rating-5', 'name': 'ShayaPraeyodan', 'sex': 'weiblich', 'age': 'None', 'marriage_status': 'None', 'job': 'None'}, {'rating': 'rating-5', 'name': 'Sahnekleks', 'sex': 'weiblich', 'age': 'None', 'marriage_status': 'None', 'job': 'None'}, {'rating': 'rating-5', 'name': 'Pillepalle14', 'sex': 'weiblich', 'age': '52 Jahre', 'marriage_status': 'Vergeben', 'job': 'None'}, {'rating': 'rating-4', 'name': 'reke', 'sex': 'weiblich', 'age': '56 Jahre', 'marriage_status': 'Vergeben', 'job': 'Rentner aus gesundheitlichen Gründen'}, {'rating': 'rating-5', 'name': 'Katinka0102', 'sex': 'weiblich', 'age': 'None', 'marriage_status': 'Verheiratet', 'job': 'None'}];"https://www.chefkoch.de/rezepte/1539631260175199/Birnen-und-Teig-mit-Speck.html
"
Geränken;Birnen, eingeweckt;['Vegetarisch', 'Vegan', 'Basisrezepte', 'Herbst', 'Frucht', 'gekocht', 'Haltbarmachen'];4.45;simpel;['1kg', 'Birne(n),müssenhartsein', '125g', 'Zucker', '1½Liter', 'Wasser', '½Pck.', 'Vanillezucker,oder1/2Vanilleschote'];9;1042kcal;60 Min;[{'rating': 'rating-5', 'name': 'Rosalilla', 'sex': 'None', 'age': 'None', 'marriage_status': 'Verheiratet', 'job': 'Hauswirtschaftsmeisterin'}, {'rating': 'rating-5', 'name': 'rotemarie', 'sex': 'männlich', 'age': 'None', 'marriage_status': 'None', 'job': 'None'}, {'rating': 'rating-5', 'name': 'kathawillwas', 'sex': 'weiblich', 'age': '35 Jahre', 'marriage_status': 'Vergeben', 'job': 'Medizinstudentin'}, {'rating': 'rating-5', 'name': 'adi52', 'sex': 'weiblich', 'age': 'None', 'marriage_status': 'None', 'job': 'None'}, {'rating': 'rating-4', 'name': 'Eichhoernchen64', 'sex': 'weiblich', 'age': '55 Jahre', 'marriage_status': 'None', 'job': 'None'}];"https://www.chefkoch.de/rezepte/2018941327097046/Birnen-eingeweckt.html
"
Geränken;Holunder - Birnen - Marmelade;['Aufstrich', 'Herbst', 'Haltbarmachen'];4.45;simpel;['1kg', 'Birne(n)', '1kg', 'Holunderbeeren(ohneStiele)', '¾kg', 'Zucker', '2Beutel', 'Gelfix', 'etwas', 'Wasser'];20;NA;30 Min;[{'rating': 'rating-4', 'name': 'Flash6', 'sex': 'männlich', 'age': 'None', 'marriage_status': 'None', 'job': 'None'}, {'rating': 'rating-4', 'name': 'TinisMama', 'sex': 'weiblich', 'age': 'None', 'marriage_status': 'None', 'job': 'Steuerberater'}, {'rating': 'rating-5', 'name': 'xtiarax', 'sex': 'weiblich', 'age': '26 Jahre', 'marriage_status': 'None', 'job': 'Schüler'}, {'rating': 'rating-5', 'name': 'stephi1977', 'sex': 'weiblich', 'age': '42 Jahre', 'marriage_status': 'None', 'job': 'None'}, {'rating': 'rating-5', 'name': 'cloudfairy', 'sex': 'weiblich', 'age': 'None', 'marriage_status': 'Single', 'job': 'None'}, {'rating': 'rating-4', 'name': 'Hexlein08', 'sex': 'None', 'age': 'None', 'marriage_status': 'Single', 'job': 'Selbstständig'}, {'rating': 'rating-5', 'name': 'Uschi2304', 'sex': 'weiblich', 'age': '65 Jahre', 'marriage_status': 'Verheiratet', 'job': 'Arzthelferin a. D.'}, {'rating': 'rating-5', 'name': 'TracyS', 'sex': 'None', 'age': 'None', 'marriage_status': 'None', 'job': 'Köchin'}, {'rating': 'rating-5', 'name': 'guenni_mk', 'sex': 'männlich', 'age': 'None', 'marriage_status': 'Verheiratet', 'job': 'Dipl.-Ing.'}, {'rating': 'rating-4', 'name': 'papa-lapap', 'sex': 'männlich', 'age': 'None', 'marriage_status': 'None', 'job': 'None'}, {'rating': 'rating-4', 'name': 'sam3', 'sex': 'weiblich', 'age': '34 Jahre', 'marriage_status': 'Vergeben', 'job': 'Gesundheits- und Krankenpfleger'}];"https://www.chefkoch.de/rezepte/324721114613398/Holunder-Birnen-Marmelade.html
"
Geränken;Blaubeer-Thymian Marmelade;['Sommer', 'Aufstrich', 'Frühstück', 'Frucht', 'Haltbarmachen'];4.45;simpel;['500g', 'Heidelbeeren,(Blaubeeren)', '2EL', 'Thymian,(Blätter)', '2EL', 'Zitronensaft', '1TL', 'Zitronensäure', '300g', 'Gelierzucker,2:1'];31;NA;15 Min;[{'rating': 'rating-5', 'name': 'VivianeThien', 'sex': 'weiblich', 'age': '24 Jahre', 'marriage_status': 'Single', 'job': 'None'}, {'rating': 'rating-5', 'name': 'Schildmaid78', 'sex': 'weiblich', 'age': 'None', 'marriage_status': 'Vergeben', 'job': 'None'}, {'rating': 'rating-5', 'name': 'tenderloin', 'sex': 'weiblich', 'age': 'None', 'marriage_status': 'None', 'job': 'None'}, {'rating': 'rating-5', 'name': 'Woodie94', 'sex': 'weiblich', 'age': '26 Jahre', 'marriage_status': 'Single', 'job': 'Auszubildende'}, {'rating': 'rating-5', 'name': 'köcarli3', 'sex': 'weiblich', 'age': 'None', 'marriage_status': 'None', 'job': 'None'}, {'rating': 'rating-4', 'name': 'xiaolongbao', 'sex': 'weiblich', 'age': 'None', 'marriage_status': 'None', 'job': 'None'}, {'rating': 'rating-5', 'name': 'Spirale', 'sex': 'weiblich', 'age': 'None', 'marriage_status': 'None', 'job': 'None'}, {'rating': 'rating-3', 'name': 'Jungfer_am_Herd', 'sex': 'weiblich', 'age': 'None', 'marriage_status': 'None', 'job': 'None'}, {'rating': 'rating-5', 'name': 'Steinkleetee', 'sex': 'weiblich', 'age': '54 Jahre', 'marriage_status': 'None', 'job': 'None'}, {'rating': 'rating-5', 'name': 'Norgeutvandrer', 'sex': 'weiblich', 'age': 'None', 'marriage_status': 'None', 'job': 'None'}, {'rating': 'rating-3', 'name': 'Tobi-94', 'sex': 'männlich', 'age': '25 Jahre', 'marriage_status': 'None', 'job': 'Hotelfachmann'}, {'rating': 'rating-5', 'name': 'mapriposa', 'sex': 'weiblich', 'age': '65 Jahre', 'marriage_status': 'Single', 'job': 'Betriebswirtin'}, {'rating': 'rating-4', 'name': 'Monika', 'sex': 'weiblich', 'age': '60 Jahre', 'marriage_status': 'Verheiratet', 'job': 'None'}, {'rating': 'rating-4', 'name': 'peluchito', 'sex': 'None', 'age': 'None', 'marriage_status': 'Verheiratet', 'job': 'Fremdenführerin'}, {'rating': 'rating-5', 'name': 'Saharrah', 'sex': 'weiblich', 'age': '39 Jahre', 'marriage_status': 'Vergeben', 'job': 'None'}, {'rating': 'rating-4', 'name': 'ZaraPaz', 'sex': 'None', 'age': '32 Jahre', 'marriage_status': 'Vergeben', 'job': 'Untergrunddämon'}, {'rating': 'rating-5', 'name': 'FortunaBroetchen', 'sex': 'weiblich', 'age': '53 Jahre', 'marriage_status': 'Vergeben', 'job': 'Servicekraft oder auch Tellertaxi genannt'}, {'rating': 'rating-5', 'name': 'mimatochter1952', 'sex': 'None', 'age': 'None', 'marriage_status': 'Verheiratet', 'job': 'Vorstand eines kleinen Familienunternehmens + leidenschaftliche Omi'}, {'rating': 'rating-5', 'name': 'Jeanny-B', 'sex': 'weiblich', 'age': '45 Jahre', 'marriage_status': 'None', 'job': 'None'}, {'rating': 'rating-5', 'name': 'oceangipsy', 'sex': 'weiblich', 'age': '34 Jahre', 'marriage_status': 'None', 'job': 'Gymnasiallehrerin'}, {'rating': 'rating-5', 'name': 'Minimark', 'sex': 'weiblich', 'age': '60 Jahre', 'marriage_status': 'Verheiratet', 'job': 'Restaurantfachfrau'}, {'rating': 'rating-4', 'name': 'Fusul', 'sex': 'weiblich', 'age': 'None', 'marriage_status': 'Single', 'job': 'None'}];"https://www.chefkoch.de/rezepte/1914731312018941/Blaubeer-Thymian-Marmelade.html
"
Geränken;Lammtopf mit Bohnen und Kartoffeln;['Gemüse', 'Hauptspeise', 'Sommer', 'Schmoren', 'LammoderZiege', 'Eintopf', 'Kartoffeln'];4.45;normal;['800g', 'LammschulteroderausderKeule', '3große', 'Zwiebel(n)', '4Zehe/n', 'Knoblauch', '2Zweig/e', 'Thymian', '2Zweig/e', 'Rosmarin', '2Zweig/e', 'Oregano', '2', 'Lorbeerblätter', '4EL', 'Olivenöl', '2EL', 'Zitronensaft', '400g', 'Bohnen,grünevtl.TK.', '500g', 'Kartoffel(n)', '1Dose', 'Bohnen,großeweiße.425g', '1Dose', 'Tomate(n),425g', '250ml', 'Rotwein', '250ml', 'Rinderbrühe', 'SalzundPfeffer,ausderMühle'];9;NA;40 Min;[{'rating': 'rating-5', 'name': 'skorpion66', 'sex': 'weiblich', 'age': 'None', 'marriage_status': 'None', 'job': 'None'}, {'rating': 'rating-5', 'name': 'dellekat', 'sex': 'männlich', 'age': 'None', 'marriage_status': 'None', 'job': 'None'}, {'rating': 'rating-5', 'name': 'larissa6239', 'sex': 'weiblich', 'age': '57 Jahre', 'marriage_status': 'None', 'job': 'None'}, {'rating': 'rating-4', 'name': 'Achim-Hilde', 'sex': 'männlich', 'age': '69 Jahre', 'marriage_status': 'Verheiratet', 'job': 'Pensioner'}, {'rating': 'rating-5', 'name': 'Pumpkin-Pie', 'sex': 'weiblich', 'age': '57 Jahre', 'marriage_status': 'Verheiratet', 'job': 'None'}];"https://www.chefkoch.de/rezepte/1185521224516412/Lammtopf-mit-Bohnen-und-Kartoffeln.html
"
Geränken;Hühnchen mit Kichererbsen in Tomaten aus der Tajine;['Gemüse', 'Hauptspeise', 'Geflügel', 'Winter', 'Schmoren', 'Herbst', 'Afrika', 'Festlich', 'Marokko', 'Hülsenfrüchte'];4.45;normal;['400g', 'Hähnchenbrustfilet(s)', '500g', 'Tomate(n)', '2', 'Schalotte(n)', '2', 'Knoblauchzehe(n)', '1Dose', 'Kichererbsen', '3EL', 'Honig', '500ml', 'Hühnerbrühe', '1EL', 'Ingwerpaste(Ingwer-Knoblauch-Paste)', '1Zweig/e', 'Koriander', '1', 'Thymianzweig(e)', '5', 'Salbeiblätter', '8', 'Aprikose(n)(Trockenaprikosen)', '1Handvoll', 'Rosinen', '7Blätter', 'Zitronenbasilikum', '1TL', 'GaramMasala', '1TL', 'RaselHanout', '1TL', 'Kurkumapulver', '2TL', 'Zimtpulver', '1TL', 'Paprikapulver', '1EL', 'Sesam', '2EL', 'Olivenöl'];9;NA;40 Min;[{'rating': 'rating-5', 'name': 'MrLebowski', 'sex': 'männlich', 'age': 'None', 'marriage_status': 'None', 'job': 'None'}, {'rating': 'rating-5', 'name': 'domi_1987', 'sex': 'weiblich', 'age': 'None', 'marriage_status': 'Verheiratet', 'job': 'None'}];"https://www.chefkoch.de/rezepte/3421871509745935/Huehnchen-mit-Kichererbsen-in-Tomaten-aus-der-Tajine.html
"
Geränken;Brombeer-Quark-Kuchen mit Zimtstreuseln;['Backen', 'Sommer', 'Vegetarisch', 'Kuchen', 'Frucht', 'Gluten', 'Lactose'];4.45;normal;['200g', 'Mehl', '5g', 'Zimtpulver', '180g', 'Butter', '160g', 'Zucker', '400g', 'Brombeeren', '3', 'Ei(er)', '500g', 'Quark,20%Fett', '175g', 'Frischkäse', '30g', 'Vanillezucker', '2EL', 'Zitronensaft', '3EL', 'Speisestärke', '1Prise(n)', 'Salz', '1EL', 'Puderzucker'];9;4487kcal;40 Min;[{'rating': 'rating-5', 'name': 'slayersat', 'sex': 'weiblich', 'age': '33 Jahre', 'marriage_status': 'None', 'job': 'None'}, {'rating': 'rating-5', 'name': 'Dimple61', 'sex': 'männlich', 'age': '58 Jahre', 'marriage_status': 'None', 'job': 'None'}, {'rating': 'rating-5', 'name': 'mibuline', 'sex': 'weiblich', 'age': '25 Jahre', 'marriage_status': 'None', 'job': 'None'}, {'rating': 'rating-5', 'name': 'minita88', 'sex': 'weiblich', 'age': 'None', 'marriage_status': 'None', 'job': 'None'}, {'rating': 'rating-4', 'name': 'KüchenNudel_', 'sex': 'weiblich', 'age': '27 Jahre', 'marriage_status': 'None', 'job': 'None'}, {'rating': 'rating-5', 'name': 'sweet-maja', 'sex': 'weiblich', 'age': 'None', 'marriage_status': 'None', 'job': 'None'}];"https://www.chefkoch.de/rezepte/3378061502544023/Brombeer-Quark-Kuchen-mit-Zimtstreuseln.html
"
Geränken;Bulgarisches Osterbrot;['Backen', 'Osteuropa', 'Kuchen', 'Ostern'];4.45;pfiffig;['500g', 'Mehl,evtl.mehr', '1Prise(n)', 'Salz', '15g', 'Hefe,frische', '3', 'Ei(er)', '125ml', 'Milch,lauwarme', '125g', 'Zucker', '100g', 'Butter,zerlassenundleichtabgekühlt', '1Pck.', 'Vanilleoder', '1TL', 'Zitronenschale,unbehandelt,abgerieben', 'etwas', 'ZuckerzumBestreuen', 'evtl.', 'Mandel(n),geschälteund', 'WalnüssezumGarnieren', '1EL', 'Schnaps(Obstler),evtl.', '1', 'Ei(er),verquirltzumBestreichen', 'FettfürdieForm', 'evtl.', 'Walnüsse,gehackt', 'evtl.', 'Milch', 'evtl.', 'Zimt-Zucker', 'evtl.', 'Kakaopulver'];9;NA;60 Min;[{'rating': 'rating-5', 'name': 'Jordy1982', 'sex': 'weiblich', 'age': '37 Jahre', 'marriage_status': 'None', 'job': 'None'}, {'rating': 'rating-5', 'name': 'Sternchenfee73', 'sex': 'weiblich', 'age': 'None', 'marriage_status': 'None', 'job': 'None'}, {'rating': 'rating-5', 'name': 'Delfina36', 'sex': 'weiblich', 'age': 'None', 'marriage_status': 'Vergeben', 'job': 'None'}, {'rating': 'rating-5', 'name': 'Billy774', 'sex': 'weiblich', 'age': 'None', 'marriage_status': 'None', 'job': 'None'}, {'rating': 'rating-5', 'name': 'LiliVanilli', 'sex': 'weiblich', 'age': 'None', 'marriage_status': 'Verheiratet', 'job': 'habe ich auch'}, {'rating': 'rating-5', 'name': 'joli4ka', 'sex': 'weiblich', 'age': '44 Jahre', 'marriage_status': 'Verheiratet', 'job': 'MAMA'}, {'rating': 'rating-4', 'name': 'musikrena', 'sex': 'weiblich', 'age': 'None', 'marriage_status': 'None', 'job': 'Linguistin'}, {'rating': 'rating-5', 'name': 'umj42', 'sex': 'männlich', 'age': 'None', 'marriage_status': 'Verheiratet', 'job': 'Informatiker'}];"https://www.chefkoch.de/rezepte/1487381253956106/Bulgarisches-Osterbrot.html
"
Geränken;Cassis (Trüschel);['Getränk', 'Sommer', 'Vegetarisch', 'Vegan', 'Haltbarmachen', 'Likör'];4.45;simpel;['1Liter', 'Schnaps,(30%-40%)', '600g', 'Johannisbeeren,schwarze', '300g', 'Kandiszucker,groberbrauner', '2', 'Vanilleschote(n)', '2Stange/n', 'Zimt'];9;1894kcal;30 Min;[{'rating': 'rating-5', 'name': 'Aurora1977', 'sex': 'weiblich', 'age': '43 Jahre', 'marriage_status': 'Vergeben', 'job': 'None'}, {'rating': 'rating-4', 'name': '257tijan', 'sex': 'weiblich', 'age': 'None', 'marriage_status': 'None', 'job': 'None'}, {'rating': 'rating-5', 'name': 'Monika', 'sex': 'weiblich', 'age': '60 Jahre', 'marriage_status': 'Verheiratet', 'job': 'None'}, {'rating': 'rating-5', 'name': 'MJ52', 'sex': 'weiblich', 'age': 'None', 'marriage_status': 'Verheiratet', 'job': 'Hatte ich, ohne Moos nix los'}, {'rating': 'rating-5', 'name': 'akamee', 'sex': 'weiblich', 'age': '41 Jahre', 'marriage_status': 'Verheiratet', 'job': 'Mutter und Hausfrau'}];"https://www.chefkoch.de/rezepte/1902001309959667/Cassis-Trueschel.html
"
Geränken;Gefüllte Champignons mit Oliven und Feta;['Gemüse', 'Vorspeise', 'Hauptspeise', 'Sommer', 'Vegetarisch', 'warm', 'Party', 'Snack', 'Überbacken', 'Pilze', 'Lactose', 'ketogen', 'LowCarb'];4.45;normal;['4große', 'Champignons,braun', '100g', 'Frischkäse', '2EL', 'Olivenöl', '4', 'Oliven,schwarz', '4', 'Oliven,grün', '1EL', 'Zitronensaft', '2EL', 'Schlagsahne', '1Prise(n)', 'Paprikapulver,edelsüß', '4Zweig/e', 'Rosmarin,kleine,junge', '8Würfel', 'Feta-Käse', 'Salz', 'Pfeffer,schwarz'];9;371kcal;15 Min;[{'rating': 'rating-5', 'name': 'schnucki25', 'sex': 'weiblich', 'age': '40 Jahre', 'marriage_status': 'None', 'job': 'None'}, {'rating': 'rating-5', 'name': 'JuliGro', 'sex': 'weiblich', 'age': '24 Jahre', 'marriage_status': 'None', 'job': 'Studentin, Gesang und Musiktheater'}, {'rating': 'rating-5', 'name': 'Izzyfied', 'sex': 'weiblich', 'age': 'None', 'marriage_status': 'None', 'job': 'Studentin'}, {'rating': 'rating-5', 'name': 'SaschaFreudenberger', 'sex': 'männlich', 'age': '33 Jahre', 'marriage_status': 'None', 'job': 'Student'}];"https://www.chefkoch.de/rezepte/1982211321509206/Gefuellte-Champignons-mit-Oliven-und-Feta.html
"
Geränken;Weißer Spargel an Champignon-Weißwein-Sahnesoße mit Nudeln;['Gemüse', 'Hauptspeise', 'Nudeln', 'Vegetarisch', 'Schnell', 'einfach', 'Frühling', 'Pilze', 'gekocht'];4.45;normal;['300g', 'Nudeln', '500g', 'Spargel,weiß', '250g', 'Champignons', '1Handvoll', 'Mangold', '1', 'Zwiebel(n)', '5', 'Cherrytomate(n)', '1EL,gehäuft', 'Butter', '200ml', 'Sahne', '250ml', 'Weißwein', '2', 'Salbeiblätter', '1Zweig/e', 'Rosmarin', '1TL', 'Paprikapulver,edelsüß', '1Prise(n)', 'Salz', '1Prise(n)', 'Pfeffer', '1Prise(n)', 'Zucker'];9;NA;15 Min;[{'rating': 'rating-5', 'name': 'JuliaNatalie', 'sex': 'weiblich', 'age': 'None', 'marriage_status': 'None', 'job': 'None'}, {'rating': 'rating-5', 'name': 'idefix221', 'sex': 'weiblich', 'age': 'None', 'marriage_status': 'None', 'job': 'None'}, {'rating': 'rating-5', 'name': 'Jirona', 'sex': 'weiblich', 'age': '43 Jahre', 'marriage_status': 'Single', 'job': 'None'}, {'rating': 'rating-5', 'name': 'Chiquitaz', 'sex': 'weiblich', 'age': '29 Jahre', 'marriage_status': 'None', 'job': 'None'}];"https://www.chefkoch.de/rezepte/2817371433712934/Weisser-Spargel-an-Champignon-Weisswein-Sahnesosse-mit-Nudeln.html
"
Geränken;Heiße weiße Schokolade;['Getränk', 'Vegetarisch', 'Winter', 'Punsch', 'Lactose'];4.45;simpel;['750ml', 'Milch', '250g', 'Schokolade,weißeVollmilch', '2EL', 'Likör(Kaffeelikör,z.B.Kahlua)', '125ml', 'Sahne', 'Zimt,gemahlenzumSevieren'];31;506kcal;15 Min;[{'rating': 'rating-5', 'name': 'Tortenmaus3001', 'sex': 'weiblich', 'age': 'None', 'marriage_status': 'None', 'job': 'None'}, {'rating': 'rating-5', 'name': 'dabsy7', 'sex': 'weiblich', 'age': '42 Jahre', 'marriage_status': 'Verheiratet', 'job': 'hausfrau'}, {'rating': 'rating-5', 'name': 'Krümelmonster_68', 'sex': 'weiblich', 'age': '51 Jahre', 'marriage_status': 'Verheiratet', 'job': 'Bürokauffrau'}, {'rating': 'rating-4', 'name': 'Sarabia', 'sex': 'weiblich', 'age': '22 Jahre', 'marriage_status': 'Vergeben', 'job': 'Sozialasisstentin'}, {'rating': 'rating-5', 'name': 'sbrigitte', 'sex': 'None', 'age': 'None', 'marriage_status': 'Verheiratet', 'job': 'None'}, {'rating': 'rating-5', 'name': 'Jabibo', 'sex': 'weiblich', 'age': 'None', 'marriage_status': 'Vergeben', 'job': 'None'}, {'rating': 'rating-5', 'name': 'MissJulz', 'sex': 'weiblich', 'age': 'None', 'marriage_status': 'None', 'job': 'None'}, {'rating': 'rating-5', 'name': 'Serenade1611', 'sex': 'weiblich', 'age': '34 Jahre', 'marriage_status': 'Verheiratet', 'job': 'Maler und Lackierer'}, {'rating': 'rating-4', 'name': 'Julia_Hocker', 'sex': 'weiblich', 'age': 'None', 'marriage_status': 'Vergeben', 'job': 'None'}, {'rating': 'rating-5', 'name': 'Wiktorija', 'sex': 'weiblich', 'age': '33 Jahre', 'marriage_status': 'None', 'job': 'None'}, {'rating': 'rating-5', 'name': 'Risu87', 'sex': 'weiblich', 'age': 'None', 'marriage_status': 'None', 'job': 'None'}, {'rating': 'rating-5', 'name': 'Gina45', 'sex': 'weiblich', 'age': '59 Jahre', 'marriage_status': 'Vergeben', 'job': 'Ö.D.'}, {'rating': 'rating-5', 'name': 'sanylein', 'sex': 'weiblich', 'age': '30 Jahre', 'marriage_status': 'Vergeben', 'job': 'None'}, {'rating': 'rating-5', 'name': 'Assibaby', 'sex': 'weiblich', 'age': 'None', 'marriage_status': 'None', 'job': 'None'}, {'rating': 'rating-4', 'name': 'eli3', 'sex': 'weiblich', 'age': 'None', 'marriage_status': 'None', 'job': 'None'}, {'rating': 'rating-4', 'name': 'DieKleine991', 'sex': 'weiblich', 'age': '32 Jahre', 'marriage_status': 'Vergeben', 'job': 'Rechtsanwalts- und Notarfachangestellte'}, {'rating': 'rating-4', 'name': 'Benesch', 'sex': 'weiblich', 'age': 'None', 'marriage_status': 'Verheiratet', 'job': 'hab ich auch'}, {'rating': 'rating-4', 'name': 'struppi2005', 'sex': 'weiblich', 'age': 'None', 'marriage_status': 'Verheiratet', 'job': 'None'}, {'rating': 'rating-4', 'name': 'elke_22', 'sex': 'weiblich', 'age': 'None', 'marriage_status': 'Verheiratet', 'job': 'Bankkauffrau'}, {'rating': 'rating-5', 'name': 'Mama0007', 'sex': 'None', 'age': 'None', 'marriage_status': 'Verheiratet', 'job': 'None'}, {'rating': 'rating-5', 'name': 'gabipan', 'sex': 'weiblich', 'age': 'None', 'marriage_status': 'Verheiratet', 'job': 'None'}, {'rating': 'rating-5', 'name': 'aloisia', 'sex': 'weiblich', 'age': '59 Jahre', 'marriage_status': 'Verheiratet', 'job': 'Bäuerin'}, {'rating': 'rating-4', 'name': 'wilana', 'sex': 'weiblich', 'age': 'None', 'marriage_status': 'Verheiratet', 'job': 'Kaufmännische Angestellte'}, {'rating': 'rating-5', 'name': 'ManuGro', 'sex': 'weiblich', 'age': '55 Jahre', 'marriage_status': 'Verheiratet', 'job': 'None'}];"https://www.chefkoch.de/rezepte/1811011293375442/Heisse-weisse-Schokolade.html
"
Geränken;Gebäck mit weißer Schokolade;['Backen', 'Vegetarisch', 'Weihnachten', 'Kekse', 'Gluten', 'Lactose'];4.45;normal;['250g', 'Butter,oderMargarine', '80g', 'Puderzucker', '300g', 'Mehl,oderDinklmehl', '100g', 'Schokolade,weißeoderKuvertüre,geschmolzen', '2', 'Eiweiß'];9;5245kcal;50 Min;[{'rating': 'rating-4', 'name': 'räuber-tochter', 'sex': 'weiblich', 'age': 'None', 'marriage_status': 'Vergeben', 'job': 'None'}, {'rating': 'rating-5', 'name': 'gandor', 'sex': 'weiblich', 'age': '37 Jahre', 'marriage_status': 'Verheiratet', 'job': 'None'}, {'rating': 'rating-5', 'name': 'Kleineschen', 'sex': 'weiblich', 'age': '55 Jahre', 'marriage_status': 'None', 'job': 'None'}, {'rating': 'rating-5', 'name': 'Warwicktube', 'sex': 'weiblich', 'age': 'None', 'marriage_status': 'Vergeben', 'job': 'None'}, {'rating': 'rating-5', 'name': 'sparkling_cherry', 'sex': 'None', 'age': '27 Jahre', 'marriage_status': 'None', 'job': 'None'}, {'rating': 'rating-5', 'name': 'hoja', 'sex': 'weiblich', 'age': '66 Jahre', 'marriage_status': 'None', 'job': 'None'}, {'rating': 'rating-5', 'name': 'everud', 'sex': 'weiblich', 'age': 'None', 'marriage_status': 'Single', 'job': 'None'}];"https://www.chefkoch.de/rezepte/1823371295867984/Gebaeck-mit-weisser-Schokolade.html
"
Geränken;Christstollen nach Oma Martha;['Backen', 'Winter', 'Kuchen', 'Weihnachten'];4.45;pfiffig;['2kg', 'Mehl', '1kg', 'Rosinen(Sultaninen)', '200g', 'Mandel(n),süße,gehackte', '750g', 'Zucker', '250g', 'Hefe,frische', '½Liter', 'Milch', '100g', 'Zitronat', '100g', 'Orangeat', '750g', 'Butter', '2kl.Flasche/n', 'Rumaroma', '2kl.Flasche/n', 'Bittermandelaroma', '1kl.Flasche/n', 'Aroma(Zitrone)', '1Prise(n)', 'Kardamom,geriebener', '1', 'Zitrone(n),derSaftdavon', '2cl', 'Rum', '1Prise(n)', 'Salz'];20;NA;45 Min;[{'rating': 'rating-4', 'name': 'couscous55', 'sex': 'weiblich', 'age': '62 Jahre', 'marriage_status': 'Verheiratet', 'job': 'None'}, {'rating': 'rating-5', 'name': 'angiemandt', 'sex': 'weiblich', 'age': 'None', 'marriage_status': 'Verheiratet', 'job': 'None'}, {'rating': 'rating-5', 'name': 'yushinkan', 'sex': 'männlich', 'age': 'None', 'marriage_status': 'None', 'job': 'None'}, {'rating': 'rating-5', 'name': 'wodisi', 'sex': 'männlich', 'age': 'None', 'marriage_status': 'Vergeben', 'job': 'None'}, {'rating': 'rating-5', 'name': 'wafuba', 'sex': 'weiblich', 'age': 'None', 'marriage_status': 'None', 'job': 'None'}, {'rating': 'rating-5', 'name': 'schokoherzilein', 'sex': 'weiblich', 'age': '52 Jahre', 'marriage_status': 'Verheiratet', 'job': 'None'}, {'rating': 'rating-5', 'name': 'steff2182', 'sex': 'weiblich', 'age': '44 Jahre', 'marriage_status': 'None', 'job': 'None'}, {'rating': 'rating-4', 'name': 'F-Besta', 'sex': 'männlich', 'age': '62 Jahre', 'marriage_status': 'Vergeben', 'job': 'None'}, {'rating': 'rating-5', 'name': 'Cakestyles', 'sex': 'weiblich', 'age': 'None', 'marriage_status': 'None', 'job': 'None'}, {'rating': 'rating-5', 'name': 'Ines65', 'sex': 'weiblich', 'age': '54 Jahre', 'marriage_status': 'Verheiratet', 'job': 'None'}, {'rating': 'rating-5', 'name': 'mudder59', 'sex': 'weiblich', 'age': 'None', 'marriage_status': 'Verheiratet', 'job': 'Erzieherin, z.Z. Hausfrau'}, {'rating': 'rating-5', 'name': 'anwoga0405', 'sex': 'männlich', 'age': 'None', 'marriage_status': 'Verheiratet', 'job': 'None'}, {'rating': 'rating-5', 'name': 'omakatze', 'sex': 'None', 'age': 'None', 'marriage_status': 'Verheiratet', 'job': 'Krankenschwester'}];"https://www.chefkoch.de/rezepte/722441175021980/Christstollen-nach-Oma-Martha.html
"
Geränken;Gazpacho (kalte Gemüsesuppe) mit würzigen Croutons;['Gemüse', 'Vorspeise', 'kalt', 'Hauptspeise', 'Sommer', 'Europa', 'Vegetarisch', 'Suppe', 'Spanien', 'gebunden', 'raffiniertoderpreiswert', 'Vegan', 'Frühling', 'Gluten'];4.45;simpel;['8Scheibe/n', 'Toastbrot(Sandwichscheiben)', '1Zehe/n', 'Knoblauch', '5EL', 'Pflanzenöl', '1m.-große', 'Salatgurke(n)', '1', 'Zwiebel(n)', '3kleine', 'Paprikaschote(n),grün,gelbundrot', '1Dose', 'Tomate(n)(400g)', '1EL', 'Essig', 'SalzundPfeffer', 'evtl.', 'Paprikapulver', 'evtl.', 'Chilipulver'];9;287kcal;30 Min;[{'rating': 'rating-5', 'name': 'steffi82bi', 'sex': 'weiblich', 'age': 'None', 'marriage_status': 'Vergeben', 'job': 'None'}, {'rating': 'rating-5', 'name': 'killerschnecke', 'sex': 'weiblich', 'age': '32 Jahre', 'marriage_status': 'None', 'job': 'None'}, {'rating': 'rating-5', 'name': 'ew01de', 'sex': 'männlich', 'age': '69 Jahre', 'marriage_status': 'Vergeben', 'job': 'Privatier seit 09.2014'}, {'rating': 'rating-5', 'name': 'brimel3', 'sex': 'weiblich', 'age': '41 Jahre', 'marriage_status': 'Verheiratet', 'job': 'None'}, {'rating': 'rating-4', 'name': 'kadivacl', 'sex': 'weiblich', 'age': '38 Jahre', 'marriage_status': 'None', 'job': 'None'}, {'rating': 'rating-5', 'name': 'lemyp', 'sex': 'weiblich', 'age': 'None', 'marriage_status': 'Verheiratet', 'job': 'None'}, {'rating': 'rating-5', 'name': 'JaLiSp', 'sex': 'weiblich', 'age': '34 Jahre', 'marriage_status': 'Single', 'job': 'Floristin'}];"https://www.chefkoch.de/rezepte/1412741246127895/Gazpacho-kalte-Gemuesesuppe-mit-wuerzigen-Croutons.html
"
Geränken;Downhillcats dicke Rippe;['Hauptspeise', 'Party', 'Schnell', 'einfach', 'Schwein', 'Winter', 'Schmoren', 'Eintopf', 'Herbst', 'Studentenküche'];4.45;simpel;['1.200g', 'Rippe(n),dicke(inStückeportioniert,möglichstfettarm)', '2m.-große', 'Zwiebel(n),grobgehackt', '1m.-große', 'Knoblauchzehe(n),feingehackt', '4EL', 'Tomatenmark,(ca.100g)', '1.000ml', 'Brühe,(z.B.Rinderbrühe)', '100ml', 'Rotwein', '1EL', 'Paprikapulver,edelsüß', '1m.-großes', 'Lorbeerblatt', '2EL', 'Schweineschmalz,oderÖlzumAnbraten', 'SalzundPfeffer'];9;NA;20 Min;[{'rating': 'rating-5', 'name': 'gourmettine', 'sex': 'weiblich', 'age': 'None', 'marriage_status': 'Verheiratet', 'job': 'Dozentin'}, {'rating': 'rating-5', 'name': 'harnold', 'sex': 'männlich', 'age': '43 Jahre', 'marriage_status': 'Verheiratet', 'job': 'Angestellter in der Logistik'}, {'rating': 'rating-5', 'name': 'mina-mietz', 'sex': 'weiblich', 'age': 'None', 'marriage_status': 'Verheiratet', 'job': 'None'}, {'rating': 'rating-5', 'name': 'downhillcat', 'sex': 'weiblich', 'age': 'None', 'marriage_status': 'None', 'job': 'leider nicht Koch gelernt :-('}];"https://www.chefkoch.de/rezepte/2254911360854600/Downhillcats-dicke-Rippe.html
"
