recipe_id,categorien,recipe_name,avg_score,difficulty,rating_count,pre_time,calorie,ingredient,comment_user,recipe_url
1010591206190843,Backen & Süßspeisen,Lothars beste Nürnberger Elisenlebkuchen,4.87,['simpel'],1.145,"['45', 'Min']",None,"Ei(er),Zucker, braun,Honig,Zimt,Lebkuchengewürz,Salz,Mandel(n), gemahlen,Haselnüsse, gemahlen,Orangeat, im Mixer noch etwas zerkleinert,Zitronat, im Mixer noch etwas zerkleinert,Oblaten, 70 oder 90 mm,Kuvertüre",[],https://www.chefkoch.de/rezepte/1010591206190843/Lothars-beste-Nuernberger-Elisenlebkuchen.html
2559711400663888,Zubereitungsarten,Fior di mandorla,4.86,['simpel'],186,"['30', 'Min']",None,"Mandel(n), ohne Haut, gemahlen,Zucker,Vanillinzucker,Bittermandelaroma,Eiweiß,Puderzucker, zum Wälzen,Mandel(n), ganze, abgezogen, zum Garnieren",[],https://www.chefkoch.de/rezepte/2559711400663888/Fior-di-mandorla.html
2690541421778074,Zubereitungsarten,Aloha-Quarkmäusle,4.86,['normal'],55,"['45', 'Min']",None,"Mehl,Magerquark,Zucker,Ei(er),Salz,Backpulver,Vanillezucker,Vanilleschote(n), Mark ausgekratzt,Zitrone(n) (Bio), abgeriebene Schale,Butterschmalz zum Frittieren,Zucker,Zimt",[],https://www.chefkoch.de/rezepte/2690541421778074/Aloha-Quarkmaeusle.html
2642351415194117,Zubereitungsarten,Die perfekten Hamburgerbrötchen,4.85,['normal'],190,"['15', 'Min']","['285', 'kcal']","Wasser, warm,Milch,Hefe, frisch,Zucker,Salz,Butter, weich,Mehl (Typ 550),Ei(er),Milch,Wasser,Sesam zum Bestreuen",[],https://www.chefkoch.de/rezepte/2642351415194117/Die-perfekten-Hamburgerbroetchen.html
1521151257327860,Backen & Süßspeisen,Schneemoussetorte mit Rhabarber,4.85,['normal'],176,"['90', 'Min']","['4251', 'kcal']","Fett für die Form,Ei(er),Butter,Zucker und 4-5 EL extra,Salz,Vanillezucker,Mehl,Backpulver,Milch,Mandelblättchen,Rhabarber,Puddingpulver . (Vanille),Sahne,Puderzucker zum Bestäuben",[],https://www.chefkoch.de/rezepte/1521151257327860/Schneemoussetorte-mit-Rhabarber.html
1256021231072628,Backen & Süßspeisen,Nussecken,4.85,['normal'],428,"['60', 'Min']","['9360', 'kcal']","Mehl,Backpulver,Zucker,Vanillezucker,Ei(er),Butter, weich,Marmelade, (Aprikosenmarmelade),Butter,Wasser oder Rum,Zucker, braun,Vanillezucker,Haselnüsse, gemahlene, Walnüsse, Mandeln (nach Belieben),Kuchenglasur, (Schokoladenglasur)",[],https://www.chefkoch.de/rezepte/1256021231072628/Nussecken.html
3316941492622177,Spezielles,Low-Carb Brot - mein Bestes,4.85,['normal'],99,"['15', 'Min']",None,"Mandeln, gemahlen, blanchierte,Hanfmehl,Leinmehl,Flohsamenschalen, gemahlen,Sonnenblumenkerne,Himalayasalz oder Meersalz,Weinsteinbackpulver,Ei(er), oder große,Eiweiß, oder großes,Apfelessig,Wasser, kochendes,Sesam, geschälter",[],https://www.chefkoch.de/rezepte/3316941492622177/Low-Carb-Brot-mein-Bestes.html
3212831478161358,Zubereitungsarten,Grundrezept Biskuitboden,4.85,['simpel'],124,"['20', 'Min']",None,"Mehl,Speisestärke,Backpulver,Ei(er), Größe M,Salz,Zucker,Vanilleextrakt, alternativ 1 Pck. Vanillezucker,Wasser, heiß,Speisestärke werden durch 30 g Kakaopulver ersetzt",[],https://www.chefkoch.de/rezepte/3212831478161358/Grundrezept-Biskuitboden.html
2841831436245733,Zubereitungsarten,Hamburger und Hot Dog Buns,4.85,['simpel'],214,"['30', 'Min']","['2219', 'kcal']","Vollmilch,Frischhefe, 1/2 Würfel,Zucker,Salz,Honig,Rapsöl,Weizenmehl Type 550,Ei(er),Milch,Sesam, Mohn oder div. Körner nach Wahl",[],https://www.chefkoch.de/rezepte/2841831436245733/Hamburger-und-Hot-Dog-Buns.html
1949731317135673,Backen & Süßspeisen,Dinkelvollkornbrot,4.85,['simpel'],219,"['10', 'Min']","['5578', 'kcal']","Dinkelvollkornmehl,Hefe,Salz,Balsamico, dunkel,Sonnenblumenkerne,Wasser, lauwarm,Haferflocken, kernige,Butter oder Magarine",[],https://www.chefkoch.de/rezepte/1949731317135673/Dinkelvollkornbrot.html
2636361414129018,Zubereitungsarten,Russischer Zupfkuchen,4.84,['simpel'],784,"['20', 'Min']","['6659', 'kcal']","Mehl,Kakaopulver, ungesüßt,Backpulver,Zucker,Vanillezucker,Ei(er),Butter,Fett,Butter,Magerquark,Zucker,Vanillezucker,Ei(er),Vanillepuddingpulver,Vanilleschote(n), das Mark davon",[],https://www.chefkoch.de/rezepte/2636361414129018/Russischer-Zupfkuchen.html
2557531400251892,Zubereitungsarten,Rhabarber-Streusel-Kuchen,4.84,['normal'],146,"['20', 'Min']","['5681', 'kcal']","Rhabarber,Butter, flüssig,Mehl,Salz,Puderzucker,Vanillezucker,Butter, weiche,Zucker,Salz,Ei(er), Größe M,Mehl,Backpulver,Naturjoghurt",[],https://www.chefkoch.de/rezepte/2557531400251892/Rhabarber-Streusel-Kuchen.html
916071197018348,Backen & Süßspeisen,Sauerteig,4.84,['simpel'],507,"['15', 'Min']","['1190', 'kcal']","Mehl, Sorte nach Belieben,Wasser, lauwarmes",[],https://www.chefkoch.de/rezepte/916071197018348/Sauerteig.html
378801124204434,Menüart,Friedas genialer Hefezopf,4.83,['normal'],4.175,"['30', 'Min']","['5774', 'kcal']","Weizenmehl, gutes 405-er,Milch, lauwarme,Zucker,Hefe, 1 Würfel,Butter, weiche,Salz,Ei(er),Zitronenschale, gerieben oder 5 Tropfen Bittermandelaroma,Ei(er) zum Bestreichen,Hagelzucker",[],https://www.chefkoch.de/rezepte/378801124204434/Friedas-genialer-Hefezopf.html
2200781352909710,Zubereitungsarten,Zimtschnecken mit Sahneguss,4.83,['normal'],272,"['25', 'Min']","['4052', 'kcal']","Milch,Hefe,Salz,Zucker,Vanillinzucker,Butter,Mehl,Butter, geschmolzen,Zucker,Zimt,Sahne,Zucker,Vanillinzucker",[],https://www.chefkoch.de/rezepte/2200781352909710/Zimtschnecken-mit-Sahneguss.html
1476331252838756,Backen & Süßspeisen,Zwetschgendatschi mit Butterstreuseln,4.83,['normal'],489,"['30', 'Min']",None,"Weizenmehl, Type 550,Zucker,Vanillemark, getrocknet, oder Vanillezucker,Milch, knapp, lauwarm,Ei(er),Hefe, frisch,Salz,Butter, flüssig,Zitronenschale, abgeriebene oder Finess,Zwetschgen, entsteint,Zimt, zum Bestäuben,Mehl,Zucker,Vanillezucker,Zimt,Butter, kalt, in Stücken,Fett, für das Blech",[],https://www.chefkoch.de/rezepte/1476331252838756/Zwetschgendatschi-mit-Butterstreuseln.html
1842861298589308,Backen & Süßspeisen,Puffer,4.83,['simpel'],97,"['15', 'Min']",None,"Mehl,Zucker,Ei(er),Butter, oder Margarine,Sahne,Backpulver,Vanillezucker,Salz,Zitrone(n),Schokolade (Schokoplättchen), oder Rosinen,Fett, für die Form",[],https://www.chefkoch.de/rezepte/1842861298589308/Puffer.html
1403281245231688,Backen & Süßspeisen,Gerührter Gugelhupf,4.82,['simpel'],88,"['10', 'Min']","['3749', 'kcal']","Butter,Puderzucker,Eigelb,Vanillezucker,Zucker,Mehl,Eiweiß,Backpulver,Zitronenschale, gerieben,Milch",[],https://www.chefkoch.de/rezepte/1403281245231688/Geruehrter-Gugelhupf.html
2040191330378004,Backen & Süßspeisen,Baguette-Variationen,4.82,['normal'],48,"['20', 'Min']",None,"Weizenmehl, Type 405,Weizenmehl, Type 550,Salz,Trockenhefe,Wasser,Peperoni, und Oliven, in Ringe geschnitten,Feta-Käse,Tomate(n), getrocknete und geriebener Parmesan,Walnüsse, oder andere Nüsse",[],https://www.chefkoch.de/rezepte/2040191330378004/Baguette-Variationen.html
2204031353338061,Zubereitungsarten,Apfelkuchen mit Streuseln,4.82,['simpel'],1.534,"['20', 'Min']","['6344', 'kcal']","Butter, weiche,Zucker,Vanillezucker,Ei(er),Mehl,Backpulver,Äpfel,Butter, weiche,Zucker,Vanillezucker,Mehl",[],https://www.chefkoch.de/rezepte/2204031353338061/Apfelkuchen-mit-Streuseln.html
2241291359024767,Zubereitungsarten,Delfinas Kefir-Kruste,4.82,['normal'],80,"['20', 'Min']",None,"Roggensauerteig,Roggenschrot, mittel,Sonnenblumenkerne, geröstet,Leinsamen,Kefir, erhitzt,Weizenmehl Type 550,Roggenmehl Type 1150,Hefe,Kefir,Wasser,Salz",[],https://www.chefkoch.de/rezepte/2241291359024767/Delfinas-Kefir-Kruste.html
1214861227169722,Zubereitungsarten,Elisen - Lebkuchen,4.82,['normal'],200,"['90', 'Min']",None,"Ei(er),Haselnüsse,Rohrzucker,Orangeat,Zitronat,Lebkuchengewürz, á ca. 15 g,Zimt,Hirschhornsalz,Zitronenschale, gerieben,Oblaten, Durchmesser 70 mm,Kuvertüre",[],https://www.chefkoch.de/rezepte/1214861227169722/Elisen-Lebkuchen.html
305351110829408,Backen & Süßspeisen,"Hefeteig für Zopfbrot, Schnecken oder Figuren",4.81,['normal'],159,"['25', 'Min']","['2423', 'kcal']","Mehl (Weizenmehl 700),Salz,Hefe, frisch,Fett (Margarine ist besser, mit Butter wird der Teig zu schwer),Zucker,Vanillezucker oder Zitronenschale,Wasser und 140 ml Milch,Ei(er),Ei(er), versprudelt, zum Bestreichen",[],https://www.chefkoch.de/rezepte/305351110829408/Hefeteig-fuer-Zopfbrot-Schnecken-oder-Figuren.html
699761172511152,Backen & Süßspeisen,Uromas Hefezopf,4.81,['normal'],509,"['25', 'Min']","['4397', 'kcal']","Mehl,Zucker,Hefe,Milch, lauwarme,Butter,Salz,Ei(er),Milch, lauwarme, zum Bestreichen",[],https://www.chefkoch.de/rezepte/699761172511152/Uromas-Hefezopf.html
2287701364848460,Zubereitungsarten,Zimtschnecken 'Cinnabon Style',4.81,['normal'],1.108,"['60', 'Min']","['10159', 'kcal']","Vanillepuddingpulver,Wasser,Milch,Zucker,Butter,Trockenhefe,Ei(er),Salz,Mehl,Butter, flüssig,Zucker, brauner,Zimtpulver,Puderzucker,Frischkäse,Butter,Vanillinzucker",[],https://www.chefkoch.de/rezepte/2287701364848460/Zimtschnecken-Cinnabon-Style.html
2259291361300664,Zubereitungsarten,Französische Schokotarte,4.81,['simpel'],40,"['20', 'Min']","['3817', 'kcal']","Kuvertüre, dunkle,Butter,Ei(er),Puderzucker,Mehl, glattes,Fett für die Form,Mehl für die Form",[],https://www.chefkoch.de/rezepte/2259291361300664/Franzoesische-Schokotarte.html
3288701488316683,Zubereitungsarten,Vegane Schoko-Muffins,4.81,['simpel'],24,"['15', 'Min']","['2796', 'kcal']","Mehl,Backpulver,Natron,Apfelmus,Zucker,Vanillezucker,Pflanzenöl,Hafermilch (Haferdrink),Kakaopulver, ungesüßt,Zartbitterschokolade, grob gehackt",[],https://www.chefkoch.de/rezepte/3288701488316683/Vegane-Schoko-Muffins.html
1703011279016015,Backen & Süßspeisen,Kürbiskernöl - Parfait,4.81,['normal'],133,"['20', 'Min']","['500', 'kcal']","Zucker,Vanilleschote(n),Eigelb,Kürbiskernöl,Schlagsahne",[],https://www.chefkoch.de/rezepte/1703011279016015/Kuerbiskernoel-Parfait.html
3060671458646675,Regional,Buchteln nach österreichischem Rezept,4.81,['normal'],226,"['25', 'Min']",None,"Milch,Frischhefe,Mehl,Puderzucker (Staubzucker),Salz,Vanillezucker,Eigelb,Butter, weiche, für den Teig,Zitrone(n), Bio, abgeriebene Schale davon,Butter, weiche, für die Form,Zwetschgenmus (Powidl) oder Aprikosenmarmelade,Butter, flüssige,Puderzucker zum Bestäuben",[],https://www.chefkoch.de/rezepte/3060671458646675/Buchteln-nach-oesterreichischem-Rezept.html
1768931286858358,Zubereitungsarten,Rustikales Brot im Bräter,4.81,['simpel'],328,"['20', 'Min']",None,"Roggenmehl,Dinkelmehl,Dinkelvollkornmehl,Weizenmehl, Type 1050,Salz,Kräutersalz bei Bedarf,Brotgewürzmischung bei Bedarf,Ascorbinsäure,Sonnenblumenkerne,Sesam,Leinsamen,Hefe, frische (oder 1 Pck. Trockenhefe),Honig,Wasser, lauwarmes",[],https://www.chefkoch.de/rezepte/1768931286858358/Rustikales-Brot-im-Braeter.html
2271801362664850,Zubereitungsarten,Gartenliebes urig-würziges Röggeli,4.81,['normal'],34,"['30', 'Min']",None,"Anstellgut,Wasser,Roggenmehl,Wasser,Roggenmehl,Sauerteig, aus der obigen 2-Stufen-Führung (50g davon abnehmen und kühl stellen),Leinsamen, geschrotet,Saaten, gemischte, z.B. Sonnenblumenkerne, Sesam, Kürbiskerne,Wasser, heiß,Roggenmehl, R1150,Dinkelmehl, Typ 630,Trockenhefe, optional,Salz, Himalaya-Salz,Brotgewürzmischung aus Fenchel, Kümmel und Koriander,Schabzigerklee,Backmalz,Ahornsirup,Wasser, n.B.,Mehl, oder Bäckerstärke",[],https://www.chefkoch.de/rezepte/2271801362664850/Gartenliebes-urig-wuerziges-Roeggeli.html
1833611297339517,Backen & Süßspeisen,Butterstollen Thüringer Art,4.81,['normal'],306,"['30', 'Min']","['6813', 'kcal']","Weizenmehl, 550,Milch,Hefe, frisch, 1 Würfel,Butter (Süßrahm-), zimmerwarm,Zucker, feinster Zucker,Vanillezucker, Bourbon,Salz,Aroma (Zitronenschalen-), oder frische Schale,Sultaninen,Rum, brauner 54er, ca. 70g,Mandel(n), gehackt,Zitronat,Orangeat,Butter (Süßrahm-), flüssig, zum Bestreichen,Zucker, feinster, zum Bestreuen,Puderzucker und 1 TL Speisestärke, zum Bestäuben",[],https://www.chefkoch.de/rezepte/1833611297339517/Butterstollen-Thueringer-Art.html
680461170504963,Zubereitungsarten,Keks-Kuchen vom Blech,4.8,['normal'],412,"['30', 'Min']",None,"Zucker,Margarine,Mehl,Ei(er),Backpulver,Himbeeren, TK,Getränkepulver (Quench Himbeergeschmack),Sahne,Sahnesteif,Vanillezucker,Wasser,Zucker,Vanillepuddingpulver,Butterkeks(e),Puderzucker zum Bestreuen",[],https://www.chefkoch.de/rezepte/680461170504963/Keks-Kuchen-vom-Blech.html
2635381413986494,Zubereitungsarten,Eierlikörtorte mit saftigem Nussboden,4.8,['normal'],49,"['30', 'Min']",None,"Ei(er),Salz,Wasser,Zucker,Zimt,Nelkenpulver,Haselnüsse, gemahlene,Mandel(n), gemahlene,Kakaopulver,Backpulver,Rum,Sahne,Sahnesteif,Vanillezucker,Eierlikör,Schokostreusel",[],https://www.chefkoch.de/rezepte/2635381413986494/Eierlikoertorte-mit-saftigem-Nussboden.html
369841122576721,Backen & Süßspeisen,Käsekuchen mit 2 Schichten,4.8,['normal'],1.070,"['35', 'Min']","['5966', 'kcal']","Butter,Zucker,Mehl,Backpulver,Ei(er),Quark,Zucker,Eigelb,Schmand à 200 ml,Öl,Milch,Vanillepuddingpulver,Eiweiß,Salz,Zucker,Fett für die Form",[],https://www.chefkoch.de/rezepte/369841122576721/Kaesekuchen-mit-2-Schichten.html
1666101274781519,Backen & Süßspeisen,Der unglaublich cremige NY Cheese Cake,4.8,['simpel'],2.625,"['20', 'Min']","['5531', 'kcal']","Butterkeks(e),Butter,Zucker,Speisestärke,Frischkäse,Magerquark,Sahne,Ei(er),Zitronensaft,Schmand,Zucker,Vanillezucker,Zitronensaft",[],https://www.chefkoch.de/rezepte/1666101274781519/Der-unglaublich-cremige-NY-Cheese-Cake.html
2564671401390752,Zubereitungsarten,Dinkelvollkornbrot mit Körnern,4.8,['normal'],169,"['10', 'Min']","['2492', 'kcal']","Dinkelmehl (Vollkorn-),Körner, nach Wahl z.B. Sonnenblumenkerne, Leinsamen, Haferflocken,Salz,Hefe, frisch,Wasser, lauwarm,Essig, oder Zitronensaft,Fett für die Form",[],https://www.chefkoch.de/rezepte/2564671401390752/Dinkelvollkornbrot-mit-Koernern.html
762581179058586,Zubereitungsarten,Schneller Lebkuchen,4.8,['simpel'],58,"['25', 'Min']","['4928', 'kcal']","Mehl,Zucker,Nüsse, gemahlene,Lebkuchengewürz,Vanillezucker,Backpulver (Weinstein),Milch,Butter, flüssige,Honig,Ei(er)",[],https://www.chefkoch.de/rezepte/762581179058586/Schneller-Lebkuchen.html
1736511282639410,Spezielles,Chocolate - Lava - Muffins,4.8,['normal'],491,"['20', 'Min']","['265', 'kcal']","Schokolade, zartbitter, am besten 60%-ige,Butter, weich,Vanillezucker,Zucker,Mehl,Salz,Ei(er),Butter für die Form,Kakaopulver, ungesüßt",[],https://www.chefkoch.de/rezepte/1736511282639410/Chocolate-Lava-Muffins.html
1281061233493297,Backen & Süßspeisen,Apfelkuchen mit Mandelguss,4.8,['normal'],411,"['20', 'Min']","['1126', 'kcal']","Mehl,Ei(er),Zucker,Butter oder Margarine,Salz,Backpulver,Vanillezucker,Äpfel, säuerlich,Butter,Zucker,süße Sahne,Mehl,Mandelblättchen,Fett für die Form",[],https://www.chefkoch.de/rezepte/1281061233493297/Apfelkuchen-mit-Mandelguss.html
1830281296676145,Backen & Süßspeisen,Körnerbrötchen nach Paniniart,4.8,['normal'],197,"['30', 'Min']","['3406', 'kcal']","Weizenmehl, 550,Wasser,Hefe,Sonnenblumenkerne,Sesam,Leinsamen,Haferflocken,Salz,Wasser,Weizenmehl, 550,Weizenmehl, 1050,Weizenmehl (Vollkorn-),Wasser,Hefe",[],https://www.chefkoch.de/rezepte/1830281296676145/Koernerbroetchen-nach-Paniniart.html
2587261406118751,Zubereitungsarten,Baguette magique,4.8,['simpel'],217,"['5', 'Min']","['1285', 'kcal']","Mehl,Hefe, frisch,Salz,Wasser, lauwarmes",[],https://www.chefkoch.de/rezepte/2587261406118751/Baguette-magique.html
1140221220253617,Zubereitungsarten,Supersaftiger Apfelkuchen,4.8,['normal'],1.053,"['40', 'Min']",None,"Margarine oder Butter, weiche,Zucker,Ei(er),Backpulver,Mehl,Äpfel, geschälte, entkernte,Fett für die Form,Butter zum Bestreichen,Zucker oder Zucker und Zimt",[],https://www.chefkoch.de/rezepte/1140221220253617/Supersaftiger-Apfelkuchen.html
2441311384813782,Spezielles,Koalabärenflitzer,4.8,['simpel'],62,"['30', 'Min']",None,"Schokoriegel, z. B. Milky Way,Schokolinse(n) (bunte Smarties),Keks(e) (Koalabären),Zuckerguss",[],https://www.chefkoch.de/rezepte/2441311384813782/Koalabaerenflitzer.html
2569761402262582,Zubereitungsarten,Waffeltorte mit Roter Grütze,4.79,['simpel'],32,"['30', 'Min']",None,"Waffeln, (Frischeiwaffeln), fertige, rechteckig,Sahne,Magerquark,Crème fraîche,Rote Grütze,Vanillezucker,Zucker, nach Geschmack",[],https://www.chefkoch.de/rezepte/2569761402262582/Waffeltorte-mit-Roter-Gruetze.html
1102941216217501,Spezielles,Zitronentorte,4.79,['normal'],647,"['60', 'Min']",None,"Ei(er), getrennt,Zucker,Vanillezucker,Wasser, warmes,Mehl,Speisestärke,Backpulver,Gelatine,Buttermilch,Zucker,Zitronenschale,Zitronensaft, frisch gepresst,Sahne (4 Becher à 200 g),Pistazien, ungesalzene, gehackt,Zitronenmelisse",[],https://www.chefkoch.de/rezepte/1102941216217501/Zitronentorte.html
537101150800337,Backen & Süßspeisen,Hefezopf wie beim Bäcker,4.79,['normal'],842,"['30', 'Min']",None,"Weizenmehl,Hefe, frische,Zucker, bis 150 g, nach Geschmack,Salz,Butter,Milch, je nachdem auch etwas mehr,Ei(er), zum Bestreichen,Mandelblättchen,Hagelzucker",[],https://www.chefkoch.de/rezepte/537101150800337/Hefezopf-wie-beim-Baecker.html
1218391227356456,Backen & Süßspeisen,Der beste Käsekuchen der Welt,4.79,['simpel'],3.417,"['30', 'Min']",None,"Mehl,Zucker,Margarine,Ei(er),Backpulver,Margarine,Zucker,Vanillezucker,Vanillepuddingpulver,Ei(er),Quark, 500 g,saure Sahne, 200 g,süße Sahne, 200 g",[],https://www.chefkoch.de/rezepte/1218391227356456/Der-beste-Kaesekuchen-der-Welt.html
1255131230975627,Backen & Süßspeisen,Tränenkuchen - der beste Käsekuchen der Welt!,4.79,['normal'],1.203,"['45', 'Min']","['4953', 'kcal']","Mehl,Zucker,Butter,Ei(er),Backpulver,Magerquark,Zucker,Vanillezucker,Vanillepuddingpulver,Ei(er),Eigelb,Sahne,Milch,Öl,Eiweiß,Puderzucker",[],https://www.chefkoch.de/rezepte/1255131230975627/Traenenkuchen-der-beste-Kaesekuchen-der-Welt.html
1001811205419556,Backen & Süßspeisen,Rührkuchen nach Omas Art,4.79,['normal'],98,"['30', 'Min']",None,"Butter,Zucker,Vanillezucker,Ei(er),Mehl,Backpulver,Milch,Fett und Semmelbrösel für die Form,Puderzucker oder,Kuvertüre",[],https://www.chefkoch.de/rezepte/1001811205419556/Ruehrkuchen-nach-Omas-Art.html
773171180182809,Backen & Süßspeisen,Grundrezept für Kuchen und Muffins,4.79,['normal'],850,"['10', 'Min']","['2421', 'kcal']","Butter, weiche,Zucker,Vanillezucker,Ei(er),Mehl,Backpulver,Milch, kleine, ca. 150 ml",[],https://www.chefkoch.de/rezepte/773171180182809/Grundrezept-fuer-Kuchen-und-Muffins.html
2521511395353744,Zubereitungsarten,Hefekuchen vom Blech,4.79,['normal'],36,"['40', 'Min']",None,"Mehl,Trockenhefe,Milch, lauwarm,Butter, weich,Zucker,Ei(er),Salz,Zitrone(n), den Abrieb davon, oder Zitronenaroma,Äpfel, in Spalten geschnitten,Sauerkirschen, entsteint,Rhabarber, in 3 cm langen Stücken,Zwetschgen, entsteint und geviertelt,Zitronensaft, optional,Zucker,Zimtpulver,Mehl,Zucker,Butter, zerlassen,Mandel(n), gehackte, optional,Zimtpulver, kann man weglassen und z. B. durch Vanillezucker ersetzen,Salz",[],https://www.chefkoch.de/rezepte/2521511395353744/Hefekuchen-vom-Blech.html
3212051478029180,Spezielles,Vegane Chocolate Chip Cookies,4.79,['simpel'],97,"['20', 'Min']","['4594', 'kcal']","Chiasamen,Wasser,Butterersatz oder Margarine, vegan,Zucker, braun, alternativ Rohrzucker,Zuckerrübensirup, alternativ Melasse, Ahornsirup oder Agavendicksaft,Vanillezucker,Weizenmehl oder Dinkelmehl, oder gemischt,Natron,Salz,Blockschokolade, zartbitter oder Schokotröpfchen",[],https://www.chefkoch.de/rezepte/3212051478029180/Vegane-Chocolate-Chip-Cookies.html
2876691439969909,Zubereitungsarten,"Burger Buns, Brötchen für Hamburger",4.79,['simpel'],55,"['30', 'Min']",None,"Ei(er),Salz,Zucker,Wasser,Mehl Type 405,Trockenhefe oder 0,5 Würfel Frischhefe,Butter, weich,Milchpulver,Ei(er),Sesam",[],https://www.chefkoch.de/rezepte/2876691439969909/Burger-Buns-Broetchen-fuer-Hamburger.html
1099631215940720,Backen & Süßspeisen,Striezerl und Kipferl,4.79,['normal'],120,"['35', 'Min']",None,"Mehl,Hefe, frische,Wasser,Salz,Puderzucker,Butter,Milch,Eigelb,Ei(er),Zitrone(n), die Schale,Hagelzucker,Eiweiß, zum Bestreichen,Marmelade",[],https://www.chefkoch.de/rezepte/1099631215940720/Striezerl-und-Kipferl.html
1344331239198800,Backen & Süßspeisen,Saftiges Vollkornbrot,4.78,['simpel'],2.171,"['10', 'Min']","['2331', 'kcal']","Dinkelvollkornmehl,Kerne, gemischte nach Wahl (z.B. Kürbiskerne, Leinsamen, Sonnenblumenkerne etc.),Wasser,Hefe,Salz,Obstessig, z.B. Apfelessig",[],https://www.chefkoch.de/rezepte/1344331239198800/Saftiges-Vollkornbrot.html
2040561330436979,Backen & Süßspeisen,Cinnamon Rolls with Cream Cheese Frosting,4.78,['simpel'],1.020,"['30', 'Min']",None,"Milch,Butter,Mehl,Salz,Zucker,Ei(er),Hefe,Butter, weich,Zucker, braun,Zimt,Frischkäse,Butter,Puderzucker, gesiebt,Vanillearoma",[],https://www.chefkoch.de/rezepte/2040561330436979/Cinnamon-Rolls-with-Cream-Cheese-Frosting.html
1489191254060947,Backen & Süßspeisen,Blitz - Tortenboden,4.78,['simpel'],385,"['5', 'Min']","['1344', 'kcal']","Ei(er),Zucker,Mehl,Öl,Backpulver",[],https://www.chefkoch.de/rezepte/1489191254060947/Blitz-Tortenboden.html
1768451286771871,Backen & Süßspeisen,Zitronen Frozen Joghurt - Eis,4.78,['simpel'],67,"['5', 'Min']",None,"Joghurt, griechischer,Zucker,Zitrone(n), der Saft davon, von einer auch die abgeriebene Schale,Salz,Vanilleextrakt",[],https://www.chefkoch.de/rezepte/1768451286771871/Zitronen-Frozen-Joghurt-Eis.html
1221771227536554,Zubereitungsarten,Schmandkuchen,4.78,['simpel'],249,"['20', 'Min']","['5823', 'kcal']","Margarine,Ei(er),Vanillinzucker,Zucker,Mehl,Backpulver,Schmand à 200 g,Mandarine(n),Vanillinzucker,Vanillepuddingpulver,Zucker",[],https://www.chefkoch.de/rezepte/1221771227536554/Schmandkuchen.html
1701981278933191,Backen & Süßspeisen,Uschis Vollmilch - Zartbitter - Schoko - Ganache,4.78,['simpel'],66,"['10', 'Min']",None,"Schlagsahne,Schokolade, (Vollmilchschokolade),Schokolade, (Zartbitterschokolade),Gelatine,Butter,Likör nach Geschmack, z. B. Kirschlikör",[],https://www.chefkoch.de/rezepte/1701981278933191/Uschis-Vollmilch-Zartbitter-Schoko-Ganache.html
2876181439908310,Saisonal,Bester Pflaumenkuchen der Welt mit Streuseln,4.78,['normal'],25,"['90', 'Min']","['9354', 'kcal']","Pflaume(n),Mehl,Zucker,Vanillinzucker,Mandel(n), gemahlen, ohne Haut,Backpulver,Zimt,Eigelb,Ei(er),Butter oder Margarine,Crème fraîche,Vanillepuddingpulver,Fett und Mehl für die Fettpfanne",[],https://www.chefkoch.de/rezepte/2876181439908310/Bester-Pflaumenkuchen-der-Welt-mit-Streuseln.html
2648731416211587,Zubereitungsarten,Pesto-Blume,4.78,['simpel'],169,"['30', 'Min']",None,"Mehl,Wasser, lauwarm,Hefe,Zucker,Salz,Öl,Pesto",[],https://www.chefkoch.de/rezepte/2648731416211587/Pesto-Blume.html
1532141258904029,Backen & Süßspeisen,Cappuccino-Kuppeltorte,4.78,['normal'],88,"['30', 'Min']",None,"Zucker,Nüsse, gemahlene,Ei(er),Schokolade, geraspelte,Mehl,Backpulver,Sahne oder Cremefine zum Schlagen,Cappuccinopulver,Puderzucker,Sahnesteif,Vanillezucker,Marmelade, rote,Banane(n),Puderzucker, zum Bestäuben,Zitronensaft",[],https://www.chefkoch.de/rezepte/1532141258904029/Cappuccino-Kuppeltorte.html
1012961206520463,Backen & Süßspeisen,Biskuit,4.78,['simpel'],397,"['20', 'Min']","['2361', 'kcal']","Ei(er),Zucker,Vanillezucker,Mehl,Fett für die Form",[],https://www.chefkoch.de/rezepte/1012961206520463/Biskuit.html
1726761281857676,Zubereitungsarten,Ungarische Langos mit Knoblauchcreme und Käse,4.77,['normal'],618,"['40', 'Min']","['737', 'kcal']","Weizenmehl, bei Bedarf auch mehr,Hefe,Salz,Wasser, lauwarm,Milch, lauwarm,Zucker,Öl oder Fett zum Frittieren,Käse, gerieben,saure Sahne,Schmand,Knoblauchzehe(n),Salz und Pfeffer",[],https://www.chefkoch.de/rezepte/1726761281857676/Ungarische-Langos-mit-Knoblauchcreme-und-Kaese.html
1338241238656965,Backen & Süßspeisen,Marzipan - Quark - Stollen,4.77,['normal'],175,"['40', 'Min']",None,"Rosinen,Rum oder Apfelsaft,Weizenmehl,Backpulver,Zucker,Vanillinzucker oder Vanillezucker, selbst gemacht,Butter-Vanille-Aroma und evtl. Rum-Aroma,Kardamom, gemahlen,Muskatblüte, gemahlen,Orangenschale, abgeriebene,Magerquark,Ei(er),Eigelb,Butter, weiche,Zitronat,Mandel(n), gemahlene,Marzipanrohmasse,Butter, zerlassene,Puderzucker",[],https://www.chefkoch.de/rezepte/1338241238656965/Marzipan-Quark-Stollen.html
2380631377366321,Zubereitungsarten,Zwetschgendatschi,4.77,['normal'],175,"['30', 'Min']","['5034', 'kcal']","Mehl,Zucker,Margarine, oder Butter,Salz,Backpulver,Ei(er),Zwetschgen, (je nach Größe 1,2 - 1,4 kg),Zucker,Vanillezucker,Zimt,Margarine, oder Butter,Zucker,Mehl",[],https://www.chefkoch.de/rezepte/2380631377366321/Zwetschgendatschi.html
900821195467376,Spezielles,"Hefeteig, der immer gelingt, hier als Rohrnudeln oder Früchte-Guglhupf",4.77,['simpel'],219,"['30', 'Min']","['4177', 'kcal']","Mehl,Zucker,Margarine,Hefe, frisch,Ei(er),Eigelb,Milch, lauwarm,Salz,Butter,Zucker,Milch,Zitronat,Orangeat,Rosinen,Amaretto",[],https://www.chefkoch.de/rezepte/900821195467376/Hefeteig-der-immer-gelingt-hier-als-Rohrnudeln-oder-Fruechte-Guglhupf.html
2636371414130583,Zubereitungsarten,Schwarzwälder Kirschtorte,4.77,['normal'],285,"['90', 'Min']","['5563', 'kcal']","Ei(er),Zucker,Vanillezucker,Mehl,Backpulver,Speisestärke,Kakaopulver, ungesüßt,Sauerkirschen aus dem Glas,Speisestärke,Zucker,Kirschwasser,Schlagsahne,Zucker,Vanillezucker,Sahnesteif,Schokoladenraspel,Kirsche(n)",[],https://www.chefkoch.de/rezepte/2636371414130583/Schwarzwaelder-Kirschtorte.html
2842301436274891,Menüart,Gefüllte Buchteln,4.78,['normal'],118,"['40', 'Min']",None,"Milch,Butter,Mehl,Trockenhefe,Zucker,Vanillezucker,Ei(er),Salz,Butter, geschmolzen, zum Begießen,Aprikosenkonfitüre oder Pflaumenmus",[],https://www.chefkoch.de/rezepte/2842301436274891/Gefuellte-Buchteln.html
2344541372996453,Zubereitungsarten,"Amerikanischer New York Cheesecake - so wie der berühmte ""Lindy's""",4.77,['simpel'],680,"['20', 'Min']",None,"Keks(e) (Graham Crackers, bei meinen Rezepten oder Butterkekse),Zucker, weißer,Butter, zerlassen,Ei(er),Zucker, weißer,Frischkäse, zimmerwarm,Sour Cream, natur oder Schmand,Schlagsahne, flüssige,Zitrone(n), den Saft davon,Vanilleextrakt,Mehl (gehäufter EL)",[],https://www.chefkoch.de/rezepte/2344541372996453/Amerikanischer-New-York-Cheesecake-so-wie-der-beruehmte-Lindy-s.html
2294181365758090,Zubereitungsarten,Himbeer Swirl Rolls,4.77,['normal'],64,"['40', 'Min']","['5567', 'kcal']","Milch, warm,Zucker,Butter, weich,Mehl,Ei(er),Salz,Hefe, frisch,Himbeeren, gefroren,Zucker,Speisestärke,Puderzucker,Butter, geschmolzen,Sahne",[],https://www.chefkoch.de/rezepte/2294181365758090/Himbeer-Swirl-Rolls.html
1439851248792853,Backen & Süßspeisen,Rhabarberkuchen von Omma,4.77,['simpel'],182,"['30', 'Min']","['5967', 'kcal']","Butter, zerlassen,Zucker,Vanillezucker,Ei(er),Eigelb,Mehl,Speisestärke,Backpulver,Rhabarber, frischer ungeschält,Zucker,Mandel(n), gemahlen,Zitronensaft,Eiweiß,Fett für das Blech",[],https://www.chefkoch.de/rezepte/1439851248792853/Rhabarberkuchen-von-Omma.html
2954181447676917,Saisonal,Stollenkuchen vom Blech mit Marzipan,4.77,['simpel'],46,"['30', 'Min']",None,"Mehl,Backpulver,Haselnüsse, gemahlen,Magerquark,Zucker,Butter,Ei(er),Bourbon-Vanillearoma,Zitronat,Orangeat,Rosinen,Marzipanrohmasse,Koriander,Muskatnuss, gerieben,Rum zum Einweichen,Butter,Puderzucker zum Bestäuben",[],https://www.chefkoch.de/rezepte/2954181447676917/Stollenkuchen-vom-Blech-mit-Marzipan.html
820931186577689,Backen & Süßspeisen,Tarte au Chocolat,4.77,['normal'],1.398,"['15', 'Min']",None,"Butter,Vollmilchschokolade oder zartbitter, egal, wie viel %,Schokolade, gehackt,Puderzucker,Ei(er),Schokoladenpuddingpulver oder 2 EL Speisestärke und 2 EL Kakaopulver,Backpulver,Vanillezucker,Salz,Kuchenglasur,Fett für die Form",[],https://www.chefkoch.de/rezepte/820931186577689/Tarte-au-Chocolat.html
3499131521319575,Zubereitungsarten,Dinkel-Skyr-Brötchen ohne Hefe,4.77,['simpel'],85,"['10', 'Min']",None,"Skyr,Dinkelmehl Type 630,Ei(er),Milch, 2 - 3 EL,Salz,Backpulver,Kerne zum Bestreuen",[],https://www.chefkoch.de/rezepte/3499131521319575/Dinkel-Skyr-Broetchen-ohne-Hefe.html
1122481218552589,Menüart,Schichtdessert mit Weintrauben,4.77,['normal'],311,"['30', 'Min']",None,"Weintrauben, kernlose,Quark,Mascarpone,Schlagsahne,Keks(e) (American Cookies),Vanillinzucker,Zucker",[],https://www.chefkoch.de/rezepte/1122481218552589/Schichtdessert-mit-Weintrauben.html
686541171188017,Backen & Süßspeisen,Zitronenkuchen vom Blech,4.77,['simpel'],310,"['20', 'Min']","['6538', 'kcal']","Butter / Margarine,Zucker,Mehl,Zitrone(n), unbehandelt,Eigelb,Eiweiß,Backpulver,Puderzucker,Salz,Fett, für das Backblech",[],https://www.chefkoch.de/rezepte/686541171188017/Zitronenkuchen-vom-Blech.html
1652831273137932,Backen & Süßspeisen,Schokoladenbiskuit,4.77,['simpel'],102,"['20', 'Min']","['1566', 'kcal']","Ei(er) (Größe M oder L),Wasser, kaltes,Zucker,Mehl,Speisestärke,Kakao,Backpulver",[],https://www.chefkoch.de/rezepte/1652831273137932/Schokoladenbiskuit.html
1560741263481424,Backen & Süßspeisen,Lebkuchen - Kerze,4.77,['simpel'],110,"['10', 'Min']",None,"Lebkuchen (Schoko), mit Loch in der Mitte, z. B. Herz oder Stern,Waffelröllchen,Mandel(n), ganz, geschält,Süßigkeiten zum Garnieren,Kuchenglasur (Zuckerguss)",[],https://www.chefkoch.de/rezepte/1560741263481424/Lebkuchen-Kerze.html
2112511340394413,Backen & Süßspeisen,Kräuter-Zupfbrot in der Springform,4.77,['normal'],269,"['30', 'Min']","['615', 'kcal']","Mehl,Wasser, lauwarm,Hefe,Zucker,Salz,Öl,Kräuterbutter, weiche",[],https://www.chefkoch.de/rezepte/2112511340394413/Kraeuter-Zupfbrot-in-der-Springform.html
1805941292161891,Backen & Süßspeisen,Allgäuer Apfelbrot,4.76,['normal'],121,"['30', 'Min']","['4718', 'kcal']","Äpfel, geschält und geraspelt,Rum,Trockenfrüchte, kann beliebig gemischt werden,Nüsse, ganz,Zucker,Kakaopulver, (leicht gehäuft),Zimt,Salz,Muskatblüte, (Macis),Kardamom,Piment, gemahlen,Nelke(n), gemahlen,Mehl,Backpulver,Ei(er), verquirlt,Mandel(n), gehobelt",[],https://www.chefkoch.de/rezepte/1805941292161891/Allgaeuer-Apfelbrot.html
1459521250862560,Zubereitungsarten,Eiskaffee - Sahne - Torte,4.76,['normal'],91,"['60', 'Min']",None,"Ei(er),Zucker,Mandel(n), gemahlene,Paniermehl,Backpulver,Schokostreusel,Schlagsahne,Sahnesteif,Vanillinzucker,Eiskaffeepulver, instant oder anderes gesüßtes Instant-Kaffeepulver,Mandelblättchen,Puderzucker,Schokostreusel",[],https://www.chefkoch.de/rezepte/1459521250862560/Eiskaffee-Sahne-Torte.html
1313551236082544,Backen & Süßspeisen,Baumkuchen,4.76,['normal'],832,"['20', 'Min']",None,"Butter oder Margarine,Zucker,Vanillezucker,Ei(er), getrennt,Mehl,Speisestärke,Backpulver,Marzipan,Bittermandelaroma,Amaretto,Vollmilchkuvertüre",[],https://www.chefkoch.de/rezepte/1313551236082544/Baumkuchen.html
1719311280655434,Zubereitungsarten,Johannisbeer  - Käsekuchen mit Streuseln,4.76,['normal'],174,"['50', 'Min']","['6412', 'kcal']","Mehl,Backpulver,Zucker,Mandel(n), gemahlen,Butter,Salz,Vanillezucker,Amaretto,Marzipan, gerieben,Quark,  Magerquark,Vanillepuddingpulver,Ei(er),Puderzucker,Zitrone(n), abgeriebene Schale davon, unbehandelt,Likör, (Johannisbeerlikör),Schlagsahne, gut gekühlt,Johannisbeeren, rote,Puderzucker, zum Bestreuen",[],https://www.chefkoch.de/rezepte/1719311280655434/Johannisbeer-Kaesekuchen-mit-Streuseln.html
3771751574591296,Zubereitungsarten,Schoko-Bananen-Torte,4.76,['normal'],23,"['75', 'Min']",None,"Zucker,Vanillezucker,Ei(er),Mehl,Backpulver,Butter,Milch,Sahne,Schokolade,Sahnesteif,Banane(n),Schokostreusel",[],https://www.chefkoch.de/rezepte/3771751574591296/Schoko-Bananen-Torte.html
2653221416743743,Zubereitungsarten,Erdbeer-Käsekuchen-Schnitten,4.76,['normal'],173,"['25', 'Min']","['4116', 'kcal']","Weizenmehl,Zucker,Butter,Backpulver,Vanillezucker,Salz,Butter,Zucker,Quark 20%,Ei(er),Frischkäse,Vanillepuddingpulver,Zitrone(n), (Bio), Saft und abgeriebene Schale davon,Erdbeeren,Zucker,Tortenguss, rot,Flüssigkeit (halb Wasser, halb Apfelsaft)",[],https://www.chefkoch.de/rezepte/2653221416743743/Erdbeer-Kaesekuchen-Schnitten.html
893861194885229,Backen & Süßspeisen,Walnussherzen,4.76,['normal'],164,"['90', 'Min']",None,"Butter,Puderzucker,Vanillezucker,Eigelb,Walnüsse, gerieben,Mehl,Marzipanrohmasse,Puderzucker, zum Ausrollen,Aprikosenkonfitüre,Kuvertüre,Walnüsse, Hälften, zum Verzieren",[],https://www.chefkoch.de/rezepte/893861194885229/Walnussherzen.html
820481186558221,Zubereitungsarten,Zitronenkuchen,4.76,['simpel'],1.757,"['25', 'Min']","['6963', 'kcal']","Margarine,Mehl,Zucker,Vanillezucker,Backpulver,Ei(er),Zitrone(n), unbehandelte,Puderzucker",[],https://www.chefkoch.de/rezepte/820481186558221/Zitronenkuchen.html
957121201267810,Backen & Süßspeisen,Goldener Toast,4.76,['normal'],569,"['15', 'Min']","['4393', 'kcal']","Salz,Wasser, kaltes,Hefe, frische,Mehl Type 480 universal,Zucker,Stärkemehl (Weizen- o. Maisstärke),Butter, sehr weiche,Backmalz, oder eine Spur weniger,Milch, kalte",[],https://www.chefkoch.de/rezepte/957121201267810/Goldener-Toast.html
1839791298219509,Zubereitungsarten,Eifelkrimis ganz einfaches Mischbrot,4.76,['normal'],101,"['10', 'Min']","['4502', 'kcal']","Sauerteig (Roggen-),Wasser,Salz,Weizenmehl",[],https://www.chefkoch.de/rezepte/1839791298219509/Eifelkrimis-ganz-einfaches-Mischbrot.html
2654951416926884,Zubereitungsarten,"Karottenkuchen, Rüblikuchen oder Möhrenkuchen",4.76,['normal'],1.387,"['35', 'Min']","['6978', 'kcal']","Möhre(n), gerieben,Mehl,Backpulver,Zucker,Zimtpulver,Öl, neutrales,Ei(er),Mandel(n), gemahlen,Fett für die Form,Frischkäse,Puderzucker,Vanillezucker,Zitronensaft",[],https://www.chefkoch.de/rezepte/2654951416926884/Karottenkuchen-Rueblikuchen-oder-Moehrenkuchen.html
605971160396757,Backen & Süßspeisen,Oreschki,4.76,['simpel'],109,"['60', 'Min']","['4591', 'kcal']","Mehl,Ei(er),Zucker,Butter,Backpulver,Vanillezucker,Speisestärke,Kondensmilch (Milchmädchen),Walnüsse, (nach Geschmack)",[],https://www.chefkoch.de/rezepte/605971160396757/Oreschki.html
3024571455269222,Regional,Buttermilch Weißbrot nach Sheila Lukins,4.75,['normal'],55,"['90', 'Min']","['2898', 'kcal']","Weizenmehl Type 550,Buttermilch,Wasser, lauwarm,Trockenhefe,Butter oder Margarine, weich,Zucker,Salz",[],https://www.chefkoch.de/rezepte/3024571455269222/Buttermilch-Weissbrot-nach-Sheila-Lukins.html
3428981510826167,Backen & Süßspeisen,Oreo Pralinen,4.75,['simpel'],55,"['30', 'Min']",None,"Oreo-Kekse,Frischkäse,Kuvertüre, weiße",[],https://www.chefkoch.de/rezepte/3428981510826167/Oreo-Pralinen.html
3186881474309297,Zubereitungsarten,Feiner Schokokuchen ohne Zuckerzusatz,4.75,['normal'],128,"['15', 'Min']","['2030', 'kcal']","Soft-Datteln ohne Stein,Sahne,Ei(er),Vanilleschote(n),Kakaopulver,Mehl,Natron,Butter,Butter zum Fetten der Form",[],https://www.chefkoch.de/rezepte/3186881474309297/Feiner-Schokokuchen-ohne-Zuckerzusatz.html
2930711445416623,Zubereitungsarten,Burger Brötchen,4.75,['normal'],136,"['20', 'Min']","['2776', 'kcal']","Wasser, lauwarm,Milch,Hefe, frisch,Zucker,Salz,Butter, geschmolzen,Mehl Type 550,Ei(er),Ei(er),Wasser,Milch,Sesam",[],https://www.chefkoch.de/rezepte/2930711445416623/Burger-Broetchen.html
2557691400267143,Zubereitungsarten,Sandwich-Toast aus Dinkel,4.75,['simpel'],71,"['20', 'Min']","['2903', 'kcal']","Dinkelmehl, Type 630,Wasser, lauwarmes,Pflanzenöl, geschmacksneutral,Salz,Zucker,Hefe",[],https://www.chefkoch.de/rezepte/2557691400267143/Sandwich-Toast-aus-Dinkel.html
966541202318523,Backen & Süßspeisen,Marmor - Gugelhupf,4.75,['normal'],593,"['30', 'Min']","['4743', 'kcal']","Butter,Zucker,Vanillezucker,Mehl,Backpulver,Ei(er),Rum,Milch,Kakaopulver,Puderzucker",[],https://www.chefkoch.de/rezepte/966541202318523/Marmor-Gugelhupf.html
2601991408817771,Zubereitungsarten,American Soft Chocolate Chip Cookies,4.75,['simpel'],103,"['30', 'Min']",None,"Mehl,Natron,Speisestärke,Salz,Butter, geschmolzen,Zucker, braun,Zucker, weiß,Vanillezucker,Ei(er),Eigelb,Vanillearoma,Schokoladenraspel, oder Schokotropfen o.ä.,Nüsse,Süßigkeiten, z. B. Smarties oder Toffee",[],https://www.chefkoch.de/rezepte/2601991408817771/American-Soft-Chocolate-Chip-Cookies.html
2577391404027361,Zubereitungsarten,Apfel-Nuss-Zimt-Muffins,4.75,['normal'],26,"['20', 'Min']","['2912', 'kcal']","Äpfel,Butter,Zucker,Ei(er),Mehl,Backpulver,Zimt,Haselnüsse, gemahlen,Wasser,Vanillezucker,Puderzucker,Mandelsplitter",[],https://www.chefkoch.de/rezepte/2577391404027361/Apfel-Nuss-Zimt-Muffins.html
2955951447872621,Spezielles,Brot ohne Mehl,4.75,['normal'],38,"['10', 'Min']",None,"Haferflocken,Sonnenblumenkerne,Leinsamen,Sesam,Kürbiskerne,Chiasamen,Flohsamenschalen,Meersalz,Agavendicksaft,Öl,Wasser, warm",[],https://www.chefkoch.de/rezepte/2955951447872621/Brot-ohne-Mehl.html
3703501559655230,Zubereitungsarten,Buttermilchkruste aus dem Römertopf,4.75,['simpel'],26,"['10', 'Min']",None,"Buttermilch, lauwarm,Frischhefe,Weizenmehl Type 1050,Weizenvollkornmehl,Dinkelmehl Type 630,Honig,Salz",[],https://www.chefkoch.de/rezepte/3703501559655230/Buttermilchkruste-aus-dem-Roemertopf.html
3099181462729171,Zubereitungsarten,Donauwellen-Cupcakes,4.75,['normal'],58,"['35', 'Min']",None,"Butter,Zucker,Vanillezucker,Ei(er),Milch,Mehl,Backpulver,Sauerkirschen,Backkakao,Vanillepuddingpulver,Milch,Zucker,Butter, weich,Kuchenglasur zum Verzieren",[],https://www.chefkoch.de/rezepte/3099181462729171/Donauwellen-Cupcakes.html
1636991271255709,Zubereitungsarten,Einfache Himmelstorte mit Sauerkirschen,4.75,['normal'],46,"['30', 'Min']",None,"Butter oder Margarine,Zucker,Ei(er),Weizenmehl Type 405,Backpulver,Zucker,Mandel(n), gehobelte,Sauerkirschen,Vanillepuddingpulver,Sahne,Sahnesteif,Zucker zum Süßen der Sahne",[],https://www.chefkoch.de/rezepte/1636991271255709/Einfache-Himmelstorte-mit-Sauerkirschen.html
1276201232992561,Zubereitungsarten,Weiche Lebkuchen,4.75,['normal'],34,"['30', 'Min']",None,"Margarine,Zucker,Ei(er),Kakaopulver,Zimt,Nelkenpulver,Zitronat, gemahlen,Orangeat, gemahlen,Nüsse, gemahlen,Milch,Mehl,Bittermandelaroma,Backpulver,Oblaten für Lebkuchen,Kuvertüre, Vollmilch- oder Zartbitter-",[],https://www.chefkoch.de/rezepte/1276201232992561/Weiche-Lebkuchen.html
1570331264533000,Zubereitungsarten,Lebkuchen - lecker und schnell,4.75,['simpel'],106,"['20', 'Min']",None,"Mehl,Zucker,Haselnüsse, gemahlen,Lebkuchengewürz,Nelkenpulver,Vanillezucker,Backpulver,Milch,Butter, zerlassen,Honig,Ei(er),Kuvertüre",[],https://www.chefkoch.de/rezepte/1570331264533000/Lebkuchen-lecker-und-schnell.html
1269621232125698,Backen & Süßspeisen,Mohn - Topfentorte,4.75,['normal'],42,"['50', 'Min']","['4700', 'kcal']","Butter,Puderzucker (Staubzucker),Vanillezucker,Zimt,Ei(er),Zucker,Mohn,Haselnüsse,Butter, für die Form,Mehl, für die Form,Quark (Topfen), abgetropft,Puderzucker,Zitrone(n), Saft davon,Vanillezucker,Sahne (Schlagobers),Gelatine,Himbeeren,Puderzucker,Gelatine",[],https://www.chefkoch.de/rezepte/1269621232125698/Mohn-Topfentorte.html
2238571358516836,Zubereitungsarten,Ritterburg,4.75,['pfiffig'],86,"['360', 'Min']",None,"Ei(er),Zucker,Öl, neutrales (z. B. Sonnenblumenöl),Mineralwasser mit Kohlensäure,Haselnüsse, gemahlen,Kakaopulver, instant,Backpulver,Mehl,Kuvertüre, dunkle,Keks(e) (Mini-Butterkekse mit Schokolade),Waffelröllchen,Keks(e) (Doppelkekse mit verschiedenen Füllungen),Schokolade (Ritter Sport Schoko Duo),Konfekt (Mikadostäbchen),Süßigkeiten (Smarties, große Packung),Schokolade (kleine Toblerone),Cerealien (bunte Crisps),Waffeln (Eiswaffeltüten)",[],https://www.chefkoch.de/rezepte/2238571358516836/Ritterburg.html
2371941376313825,Zubereitungsarten,Veganer Zwetschgenkuchen mit Zimtstreuseln,4.75,['simpel'],137,"['30', 'Min']","['3650', 'kcal']","Mehl,Margarine, vegane (z.B. Alsan S oder Alsan Bio),Zucker,Vanillezucker,Backpulver,Wasser,Zwetschgen,Fett für die Form,Mehl,Margarine, vegane (z.B. Alsan S oder Alsan Bio),Zucker,Vanillezucker,Zimtpulver",[],https://www.chefkoch.de/rezepte/2371941376313825/Veganer-Zwetschgenkuchen-mit-Zimtstreuseln.html
671641169367360,Backen & Süßspeisen,Gedrehtes Baguette à la Karin,4.75,['simpel'],847,"['10', 'Min']","['1738', 'kcal']","Mehl (Dinkelmehl Typ 630),Wasser, eiskaltes,Hefe,Salz,Zucker",[],https://www.chefkoch.de/rezepte/671641169367360/Gedrehtes-Baguette-a-la-Karin.html
2001471324023188,Backen & Süßspeisen,Focaccia mit Tomaten und Rosmarin,4.75,['simpel'],232,"['15', 'Min']","['1897', 'kcal']","Weizenmehl, Type 1050,Wasser, lauwarm,Meersalz,Rohrohrzucker,Trockenhefe,Cocktailtomaten, oder Cherrytomaten,Rosmarin, getrocknet,Olivenöl,Meersalz, grob",[],https://www.chefkoch.de/rezepte/2001471324023188/Focaccia-mit-Tomaten-und-Rosmarin.html
1846401299068431,Backen & Süßspeisen,Kartoffel - Rosenbrötchen mit Dinkel,4.75,['normal'],93,"['40', 'Min']","['230', 'kcal']","Kartoffel(n), gekochte, abgekühlte,Dinkelmehl, 630,Hefe, frische,Milch, lauwarme,Wasser, lauwarmes,Salz,Muskat",[],https://www.chefkoch.de/rezepte/1846401299068431/Kartoffel-Rosenbroetchen-mit-Dinkel.html
1634101271062177,Backen & Süßspeisen,Vegane Nussecken,4.75,['normal'],124,"['30', 'Min']","['300', 'kcal']","Mehl,Zucker,Margarine (Alsan aus dem Kühlregal),Vanillinzucker,Wasser,Sojamehl,Backpulver,Haselnüsse, gehobelt,Haselnüsse, gemahlen,Zucker,Margarine (Alsan aus dem Kühlregal),Vanillinzucker,Wasser,Aprikosenkonfitüre,Schokolade, (Edelbitterschokolade)",[],https://www.chefkoch.de/rezepte/1634101271062177/Vegane-Nussecken.html
1572511264764914,Spezielles,Vanillekipferl - Parfait,4.75,['normal'],61,"['30', 'Min']",None,"Keks(e) (Vanillekipferl),Zucker,Wasser,Eigelb,Sahne,Vanillearoma",[],https://www.chefkoch.de/rezepte/1572511264764914/Vanillekipferl-Parfait.html
1562621263808808,Zubereitungsarten,Lebkuchen aus Milchbrötchen,4.75,['normal'],175,"['60', 'Min']",None,"Brötchen, (Milchbrötchen),Wasser,Zucker,Ei(er),Lebkuchengewürz,Backpulver,Aprikose(n), getrocknete,Backpflaume(n),Mandel(n) oder Haselnüsse, gemahlen,Mandel(n), gehackte,Oblaten, große,Puderzucker,Rum",[],https://www.chefkoch.de/rezepte/1562621263808808/Lebkuchen-aus-Milchbroetchen.html
1884951306507324,Backen & Süßspeisen,Zimtparfait mit Früchten in weihnachtlicher Karamellsoße,4.74,['simpel'],45,"['30', 'Min']","['378', 'kcal']","Eigelb,Ei(er),Zucker,Salz,Vanillezucker,Zimtpulver,Schlagsahne,Zucker,Butter,Apfelsaft,Orangensaft,Weißwein,Gewürznelke(n),Zimt,Mango(s), geschält, in Stücke geschnitten,Kiwi(s), geschält, in Stücke geschnitten,Banane(n), geschält, in Stücke geschnitten,Orange(n), geschält, in Stücke geschnitten",[],https://www.chefkoch.de/rezepte/1884951306507324/Zimtparfait-mit-Fruechten-in-weihnachtlicher-Karamellsosse.html
533511150210875,Backen & Süßspeisen,Biskuitteig hell oder dunkel,4.74,['normal'],1.061,"['15', 'Min']","['2218', 'kcal']","Ei(er),Zucker,Mehl,Speisestärke,Kakaopulver für die dunkle Variante,Vanillepuddingpulver für die helle Variante,Backpulver",[],https://www.chefkoch.de/rezepte/533511150210875/Biskuitteig-hell-oder-dunkel.html
1349411239709952,Backen & Süßspeisen,Himbeer-Muffins mit Streuseln,4.74,['normal'],80,"['30', 'Min']","['3654', 'kcal']","Himbeeren, TK,Mehl,Zucker,Zimt,Vanillezucker,Backpulver,Butter, weich,Ei(er),saure Sahne,Butter, flüssig,Mehl,Zucker,Puderzucker",[],https://www.chefkoch.de/rezepte/1349411239709952/Himbeer-Muffins-mit-Streuseln.html
3165941471280045,Zubereitungsarten,Cheeseburger-Kuchen,4.74,['normal'],400,"['30', 'Min']",None,"Mehl,Salz,Frischhefe (21 g),Zucker,Wasser, lauwarmes,Sonnenblumenöl,Ei(er),Öl,Gehacktes,Salz,Pfeffer,Tomatenketchup,Senf,Zwiebel(n), grob gewürfelt,Gewürzgurke(n), in dünne Scheiben geschnitten,Schmelzkäse,Wasser oder Milch,Sesam",[],https://www.chefkoch.de/rezepte/3165941471280045/Cheeseburger-Kuchen.html
2942941446565480,Zubereitungsarten,Selbstgemachtes Italienisches Focaccia Brot,4.74,['simpel'],37,"['25', 'Min']",None,"Mehl,Wasser,Frischhefe,Zucker,Salz,Olivenöl,Olivenöl zum Bestreichen der Backform,Polentagrieß, oder Hart- bzw. Weichweizengrieß,Olivenöl, zum Einstreichen des Teigs vor dem Belegen,Datteltomate(n),Oliven, schwarze, entsteint,Schafskäse,Thymian,Olivenöl,Butter, weich,Knoblauch,Salz,Basilikumblätter, frischer, zum Garnieren",[],https://www.chefkoch.de/rezepte/2942941446565480/Selbstgemachtes-Italienisches-Focaccia-Brot.html
485321142610150,Backen & Süßspeisen,Nougat - Taler,4.74,['normal'],212,"['30', 'Min']",None,"Mehl,Zucker,Vanillezucker,Haselnüsse, gemahlene,Backpulver,Butter,Ei(er),Nougat,Kuvertüre, zartbitter",[],https://www.chefkoch.de/rezepte/485321142610150/Nougat-Taler.html
2536291397325799,Zubereitungsarten,Kräuter-Faltenbrot,4.74,['simpel'],95,"['20', 'Min']","['3557', 'kcal']","Knoblauchzehe(n),Zwiebel(n),Kräuter,Butter,Mehl,Wasser, lauwarmes,Hefe,Zucker,Salz,Öl",[],https://www.chefkoch.de/rezepte/2536291397325799/Kraeuter-Faltenbrot.html
3112391464171247,Zubereitungsarten,Avocado-Brownies,4.74,['simpel'],29,"['15', 'Min']","['3264', 'kcal']","Zartbitterschokolade,Avocado(s), reif,Ei(er),Vanillezucker,Zucker, braun,Mandeln, gemahlen,Kakao,Backpulver",[],https://www.chefkoch.de/rezepte/3112391464171247/Avocado-Brownies.html
985821203959559,Backen & Süßspeisen,Süßer Rosinenstuten,4.74,['normal'],56,"['40', 'Min']","['3550', 'kcal']","Kartoffel(n), mehlig kochende,Mehl, Typ 405,Trockenhefe,Speisestärke,Zucker,Vanillinzucker,Salz,Butter, weiche,Milch, lauwarm,Rosinen oder Sultaninen,Kondensmilch",[],https://www.chefkoch.de/rezepte/985821203959559/Suesser-Rosinenstuten.html
2522401395483562,Zubereitungsarten,"Schokoladenkuchen ""Death by Chocolate""",4.74,['simpel'],84,"['30', 'Min']","['4071', 'kcal']","Butter, weich,Zucker,Vanillezucker,Ei(er),Gelee, Johannisbeer-,Mehl,Backpulver,Kakaopulver,Natron,Schokolade, zartbitter, gehackt oder Schokotropfen,Buttermilch,Schokolade, (Zartbitter-), gehackt,Sahne, flüssig,Puderzucker,Butter",[],https://www.chefkoch.de/rezepte/2522401395483562/Schokoladenkuchen-Death-by-Chocolate.html
2138301343656711,Zubereitungsarten,Naanbrot,4.74,['simpel'],196,"['30', 'Min']","['159', 'kcal']","Mehl,Backpulver,Salz,Joghurt,Wasser, lauwarmes,Butter",[],https://www.chefkoch.de/rezepte/2138301343656711/Naanbrot.html
1625471269755584,Backen & Süßspeisen,Focaccia,4.74,['normal'],137,"['30', 'Min']",None,"Mehl,Kartoffel(n), gekocht und gerieben,Hefe, frische,Meersalz, grobes,Meersalz, feines,Wasser, warmes,Kirschtomate(n) oder,Tomate(n), stückige,Knoblauchzehe(n),Olivenöl,Oregano",[],https://www.chefkoch.de/rezepte/1625471269755584/Focaccia.html
1941011316064301,Backen & Süßspeisen,Vanilleeis,4.74,['simpel'],137,"['15', 'Min']","['716', 'kcal']","süße Sahne,Mascarpone,Eigelb,Vanilleschote(n), das Mark davon,Zucker,Vanillezucker",[],https://www.chefkoch.de/rezepte/1941011316064301/Vanilleeis.html
2517321394900816,Zubereitungsarten,"Französische Brioche, beste der Welt",4.74,['simpel'],221,"['30', 'Min']","['3005', 'kcal']","Mehl,Zucker,Butter,Ei(er),Milch, lauwarme,Salz,Trockenhefe,Eigelb,Hagelzucker",[],https://www.chefkoch.de/rezepte/2517321394900816/Franzoesische-Brioche-beste-der-Welt.html
1363001241103011,Backen & Süßspeisen,Rhabarber - Baiser - Kuchen,4.74,['normal'],563,"['20', 'Min']","['3707', 'kcal']","Rhabarber, unabgezogenen,Mehl,Speisestärke,Backpulver,Margarine,Zucker,Vanillinzucker,Eigelb,Ei(er),Eiweiß,Salz,Zucker,Zitronensaft",[],https://www.chefkoch.de/rezepte/1363001241103011/Rhabarber-Baiser-Kuchen.html
2663951418215257,Spezielles,Selbstgebackenes Knoblauchbrot,4.74,['normal'],482,"['20', 'Min']","['1844', 'kcal']","Wasser, warm,Zucker,Trockenhefe,Salz + Salz zum Würzen,Olivenöl + 50 ml,Mehl,Knoblauchzehe(n),Petersilie,Thymian,Käse, würziger, z. B. Bergkäse",[],https://www.chefkoch.de/rezepte/2663951418215257/Selbstgebackenes-Knoblauchbrot.html
2432581383672729,Zubereitungsarten,Stollenkonfekt alla Mama Manu,4.74,['normal'],94,"['30', 'Min']","['6908', 'kcal']","Rosinen,Aprikose(n), getrocknete, klein gewürfelt,Zitronat,Mandel(n), gehackt,Marzipan,Zucker,Backpulver,Vanillezucker,Rum, oder 2 x Rumaroma,Butter, oder Margarine,Ei(er),Mehl,Vanillezucker,Puderzucker,Zimtpulver",[],https://www.chefkoch.de/rezepte/2432581383672729/Stollenkonfekt-alla-Mama-Manu.html
2819461433958803,Zubereitungsarten,Burger-Buns,4.74,['normal'],405,"['20', 'Min']","['2568', 'kcal']","Milch, warm,Ei(er),Butter, geschmolzen,Zucker,Frischhefe,Salz,Mehl,Wasser,Sesam",[],https://www.chefkoch.de/rezepte/2819461433958803/Burger-Buns.html
1536321259414655,Backen & Süßspeisen,Eierlikör - Sahne - Torte,4.74,['normal'],21,"['60', 'Min']",None,"Ei(er), getrennt,Butter, zimmerwarme,Zucker,Vanillezucker,Salz,Haselnüsse, gemahlen,Mehl,Backpulver,Schokolade, zartbitter, geraspelt,Eierlikör,Gelatine,Eierlikör,Kirschwasser,Sahne,Puderzucker,Eierlikör,Gelatine,Sahne, geschlagene,Kuvertüre, flüssige",[],https://www.chefkoch.de/rezepte/1536321259414655/Eierlikoer-Sahne-Torte.html
1536401259427380,Backen & Süßspeisen,Knoblauch - Faltenbrot,4.74,['normal'],638,"['20', 'Min']","['3542', 'kcal']","Mehl,Wasser, lauwarm,Hefe,Zucker,Salz,Öl,Knoblauchzehe(n),Zwiebel(n), halbiert,Petersilie, ohne Stiele,Butter, weich,Salz",[],https://www.chefkoch.de/rezepte/1536401259427380/Knoblauch-Faltenbrot.html
351351120485193,Backen & Süßspeisen,Fantakuchen mit Mandarinen-Schmand,4.74,['simpel'],638,"['30', 'Min']",None,"Ei(er),Zucker,Vanillezucker,Mehl,Backpulver,Öl,Fanta,Mandarine(n),Schlagsahne,Vanillezucker,Sahnesteif,Schmand,Zimtzucker",[],https://www.chefkoch.de/rezepte/351351120485193/Fantakuchen-mit-Mandarinen-Schmand.html
2511021394055050,Zubereitungsarten,Marmorkuchen mit Schokoladenstückchen,4.74,['simpel'],90,"['30', 'Min']","['6371', 'kcal']","Butter,Zucker,Vanillezucker, selbstgemacht,Ei(er), Größe M,Sahne,Salz,Mehl,Backpulver,Schokolade, (Vollmilch-, Zartbitter- oder gemischt),Butter für die Form,Mehl oder Paniermehl für die Form",[],https://www.chefkoch.de/rezepte/2511021394055050/Marmorkuchen-mit-Schokoladenstueckchen.html
3154721469565590,Spezielles,Eiweißbrötchen low carb,4.74,['normal'],63,"['10', 'Min']",None,"Ei(er),Magerquark,Sonnenblumenkerne,Leinsamen,Kürbiskerne,Flohsamenschalen,Haferkleie oder Dinkelkleie,Sojaflocken, selbst gemahlen,Backpulver,Salz,Körner zum Bestreuen bzw. wälzen",[],https://www.chefkoch.de/rezepte/3154721469565590/Eiweissbroetchen-low-carb.html
1418521246707467,Menüart,Tomatenwurzelbrote von eibauer,4.74,['simpel'],166,"['30', 'Min']",None,"Mehl, 550,Sauerteig, (Weizensauerteig, TA 200),Wasser,Salz,Trockenhefe, (oder evtl. Frischhefe ca. 15 g ),Tomate(n), getrocknete (Orto Mio),Öl, aus dem Glas,Roggenmehl,Maismehl",[],https://www.chefkoch.de/rezepte/1418521246707467/Tomatenwurzelbrote-von-eibauer.html
738841176453976,Backen & Süßspeisen,Nusskuchen,4.74,['normal'],352,"['20', 'Min']",None,"Butter, weich,Ei(er), getrennt,Zucker,Mehl,Backpulver,Milch,Haselnüsse, gemahlen,Kuvertüre, dunkle",[],https://www.chefkoch.de/rezepte/738841176453976/Nusskuchen.html
836711188465067,Backen & Süßspeisen,Baguettes,4.74,['normal'],74,"['45', 'Min']","['1768', 'kcal']","Mehl,Salz,Hefe,Wasser, lauwarmes,Eiweiß,Wasser",[],https://www.chefkoch.de/rezepte/836711188465067/Baguettes.html
3579221537619234,Zubereitungsarten,Steffis Schokoladenkuchen,4.74,['normal'],17,"['25', 'Min']",None,"Butter oder Margarine,Zucker,Vanillezucker,Ei(er),Schokolade,Milch,Zimtpulver,Backpulver,Mehl",[],https://www.chefkoch.de/rezepte/3579221537619234/Steffis-Schokoladenkuchen.html
1896251308983836,Backen & Süßspeisen,Sehr saftiger Obst - Streuselkucken,4.74,['normal'],104,"['20', 'Min']","['8086', 'kcal']","Öl,Milch,Zucker,Mehl,Ei(er),Backpulver,Vanillinzucker,Rhabarber, geputzt, in Stücke geschnitten,Butter,Mehl,Zucker,Vanillinzucker",[],https://www.chefkoch.de/rezepte/1896251308983836/Sehr-saftiger-Obst-Streuselkucken.html
1712171280056667,Backen & Süßspeisen,Rüblikuchen,4.74,['normal'],51,"['30', 'Min']",None,"Möhre(n),Zwieback,Ei(er),Zucker,Mandel(n), gemahlene,Haselnüsse oder Walnüsse, gemahlene,Zimt,Mehl,Backpulver,Puderzucker,Zitronensaft,Marzipan, (Marzipanrübchen),Pistazien, gehackte",[],https://www.chefkoch.de/rezepte/1712171280056667/Rueblikuchen.html
1831331296823320,Backen & Süßspeisen,Vier Tage - Zitronentorte,4.73,['normal'],47,"['90', 'Min']",None,"Mehl,Zucker,Butter,Ei(er),Vanillinzucker,Backpulver,Kakao,süße Sahne à 200 g,Gelatinepulver (Sofortgelatine),Zitronensaft,Zucker,Vanillinzucker,Aprikosenkonfitüre,Pistazien, gehackt oder,Schokoladenraspel,Sahne",[],https://www.chefkoch.de/rezepte/1831331296823320/Vier-Tage-Zitronentorte.html
1147171221038243,Backen & Süßspeisen,Sformatino - kleiner warmer Schokoladenkuchen,4.73,['simpel'],269,"['15', 'Min']","['521', 'kcal']","Schokolade,Butter,Zucker,Mehl,Ei(er), geschlagen",[],https://www.chefkoch.de/rezepte/1147171221038243/Sformatino-kleiner-warmer-Schokoladenkuchen.html
1880311305813001,Backen & Süßspeisen,Dinkel - Sauerteig Brot,4.73,['normal'],77,"['15', 'Min']","['2369', 'kcal']","Dinkelmehl, 630,Dinkel, geschrotet, alternativ Roggen- oder Weizenschrot,Leinsamen,Dinkelflocken, alternativ Vollkornhaferflocken,Sonnenblumenkerne,Wasser, lauwarm,Sauerteig,Salz,Rübensirup, alternativ Pflaumenmus oder Honig",[],https://www.chefkoch.de/rezepte/1880311305813001/Dinkel-Sauerteig-Brot.html
1243811229272585,Menüart,Schwäbischer Zwiebelkuchen,4.73,['normal'],916,"['30', 'Min']","['2706', 'kcal']","Mehl,Butter,Hefe,Salz,Zucker,Milch, lauwarm,Zwiebel(n),Butter,Mehl,Ei(er),süße Sahne,Salz,Kümmel,Schinkenspeck, geräucherter, in Würfel geschnitten,Butterflöckchen",[],https://www.chefkoch.de/rezepte/1243811229272585/Schwaebischer-Zwiebelkuchen.html
2901681442510135,Spezielles,Muffins für einige Allergiker geeignet,4.73,['simpel'],43,"['10', 'Min']","['2629', 'kcal']","Sonnenblumenöl, alternativ Walnussöl o. ä.,Zucker,Ei(er),Mandel(n), gemahlen o. gemahlene Nüsse n. B.,Kakaopulver",[],https://www.chefkoch.de/rezepte/2901681442510135/Muffins-fuer-einige-Allergiker-geeignet.html
3300861490183332,Spezielles,Mein Bananenbrot,4.73,['normal'],28,"['10', 'Min']","['1868', 'kcal']","Dinkelmehl,Haferflocken,Zimtpulver,Salz,Backpulver,Banane(n), sehr reife, zusammen ca. 450 g,Apfelmus, ohne zugesetzten Zucker, alternativ geriebener Apfel,Ei(er),Nüsse, gehackt und gemischt oder auch nur eine Sorte, je nach Geschmack",[],https://www.chefkoch.de/rezepte/3300861490183332/Mein-Bananenbrot.html
3050001457594751,Spezielles,3-Minuten-Vollkornbrot,4.74,['simpel'],44,"['3', 'Min']",None,"Wasser, lauwarm,Frischhefe,Dinkelvollkornmehl oder Weizenvollkornmehl,  (alternativ 2/3 Vollkorn- und 1/3 normales Mehl),Salz,Brottrunk oder Obstessig, z. B. Apfel- oder Himbeeressig,Sonnenblumenkerne (optional, alternativ Kürbiskerne, gehackte Mandeln oder Rosinen),Leinsamenschrot (optional, alternativ Sesam oder Grünkernschrot)",[],https://www.chefkoch.de/rezepte/3050001457594751/3-Minuten-Vollkornbrot.html
1601181267340081,Backen & Süßspeisen,Rum - Monde,4.73,['normal'],43,"['30', 'Min']","['6836', 'kcal']","Butter oder Margarine, weiche,Zucker,Ei(er),Walnüsse, gerieben,Schokolade (Bitterschokolade), geschmolzen,Mehl,Puderzucker,Rum,Fett für das Blech,Mehl für das Blech",[],https://www.chefkoch.de/rezepte/1601181267340081/Rum-Monde.html
1459461250861235,Backen & Süßspeisen,Amerikaner,4.73,['simpel'],481,"['25', 'Min']",None,"Mehl,Natron,Salz,Buttermilch,Vanilleextrakt,Butter, ( weich ),Zucker,Ei(er),Puderzucker,Milch,Zitronensaft,Vanilleextrakt,Kakaopulver,Milch",[],https://www.chefkoch.de/rezepte/1459461250861235/Amerikaner.html
1645761272274628,Backen & Süßspeisen,Tortenguss,4.73,['simpel'],84,"['5', 'Min']",None,"Kartoffelmehl,Zucker,Fruchtsaft, oder Wasser mit Sirup",[],https://www.chefkoch.de/rezepte/1645761272274628/Tortenguss.html
2410801380809864,Zubereitungsarten,Apfel-Zimt Muffins,4.73,['normal'],54,"['30', 'Min']","['284', 'kcal']","Mehl,Zucker, brauner,  (weißer geht auch),Backpulver,Zimtpulver,Salz,Ei(er),Öl,Milch,Schokolade, gehackte,Äpfel,Zucker, weißer,Zimtpulver",[],https://www.chefkoch.de/rezepte/2410801380809864/Apfel-Zimt-Muffins.html
2576261403752813,Backen & Süßspeisen,Nougat-Schoko-Buttercreme,4.73,['simpel'],39,"['15', 'Min']","['3498', 'kcal']","Nougat,Schokolade, dunkle,Sahne,Butter, zimmerwarm",[],https://www.chefkoch.de/rezepte/2576261403752813/Nougat-Schoko-Buttercreme.html
1660031274094706,Backen & Süßspeisen,Leckere Apfel - Streusel - Muffins,4.73,['simpel'],528,"['25', 'Min']",None,"Butter,Zucker,Vanillezucker,Ei(er),Mehl,Backpulver,Milch,Äpfel,Mehl,Zucker,Vanillezucker,Butter,Zimt,Papierförmchen",[],https://www.chefkoch.de/rezepte/1660031274094706/Leckere-Apfel-Streusel-Muffins.html
1708371279714663,Backen & Süßspeisen,Erdbeer - Vanille - Buttercreme,4.73,['simpel'],441,"['20', 'Min']","['2929', 'kcal']","Erdbeeren, frisch oder TK, aufgetaut,Butter,Zucker,Puddingpulver (Vanillegeschmack)",[],https://www.chefkoch.de/rezepte/1708371279714663/Erdbeer-Vanille-Buttercreme.html
3141071467652304,Zubereitungsarten,Zupfbrot mit Kräuterbutter zum Grillen,4.73,['normal'],158,"['40', 'Min']","['3479', 'kcal']","Mehl,Frischhefe,Wasser,Zucker,Salz,Öl, gerne Olivenöl,Kräuter, frisch, z. B. Petersilie, Basilikum, Schnittlauch,Butter, sehr weich,Salz,Pfeffer,Knoblauchzehe(n), nach Belieben",[],https://www.chefkoch.de/rezepte/3141071467652304/Zupfbrot-mit-Kraeuterbutter-zum-Grillen.html
1855541300787240,Zubereitungsarten,Apfelkuchen,4.73,['simpel'],91,"['30', 'Min']","['1327', 'kcal']","Äpfel, geputzt,Mehl,Butter,Zucker,Ei(er),Vanillezucker,Backpulver,Fett für das Blech",[],https://www.chefkoch.de/rezepte/1855541300787240/Apfelkuchen.html
1874081304582839,Regional,Odenwälder Kuchen,4.73,['simpel'],117,"['20', 'Min']",None,"Butter,Zucker,Vanillezucker, selbstgemacht oder 1 Pck. Bourbon-Vanillezucker,Ei(er),Mehl,Backpulver,Haselnüsse, gemahlen,Salz,Zimt,Apfel, geschält und in kleine Würfel geschnitten,Vanillezucker, selbstgemacht oder 1 Pck. Bourbon-Vanillezucker,Fett und Mehl für die Form,Puderzucker oder Schokoglasur",[],https://www.chefkoch.de/rezepte/1874081304582839/Odenwaelder-Kuchen.html
2093341337948044,Backen & Süßspeisen,Rhabarber Crumble,4.73,['simpel'],244,"['15', 'Min']","['4789', 'kcal']","Butter,Zucker,Vanillezucker,Salz,Mehl, Type 405 (oder auch 630er Dinkelmehl),Haferflocken, blütenzarte,Rhabarber bis 1000 g, fertig geputzt gewogen,Butter, weiche für die Form,Puderzucker, zum Bestäuben",[],https://www.chefkoch.de/rezepte/2093341337948044/Rhabarber-Crumble.html
1929401314290320,Backen & Süßspeisen,Mozart-Torte,4.73,['pfiffig'],191,"['105', 'Min']",None,"Ei(er), getrennt,Wasser, heißes,Zucker,Mehl,Speisestärke,Kakaopulver,Backpulver,Schlagsahne,Schokolade, Vollmilch,Schokolade, edelbitter,Nougat,Pistazien, fein gemahlen,Marzipan - Decke,Sahnesteif,Pistazien, gehackt,Praline(n) (Mozartkugeln),Schokoladenraspel",[],https://www.chefkoch.de/rezepte/1929401314290320/Mozart-Torte.html
43751014909800,Saisonal,Nussecken,4.73,['normal'],1.735,"['45', 'Min']",None,"Butter oder Margarine,Zucker,Ei(er),Mehl,Backpulver,Aprikosenkonfitüre,Butter oder Margarine,Zucker,Vanillezucker,Haselnüsse, gemahlen,Haselnüsse, gehackt,Wasser,Kuchenglasur, Schokolade",[],https://www.chefkoch.de/rezepte/43751014909800/Nussecken.html
1820111295373288,Spezielles,Käsebrötchen,4.73,['normal'],83,"['20', 'Min']","['2887', 'kcal']","Mehl,Trockenhefe,Salz,Zucker,Wasser,Käse (Gouda), gerieben,Eigelb zum Bepinseln,Milch zum Bepinseln,Käse (Gouda), gerieben zum Bestreuen",[],https://www.chefkoch.de/rezepte/1820111295373288/Kaesebroetchen.html
1710231279868151,Backen & Süßspeisen,Mandarinen - Sahne - Schnitten,4.73,['normal'],83,"['45', 'Min']",None,"Ei(er),Öl, neutrales (z. B. Sonnenblumenöl oder Distelöl),Zucker,Vanillezucker,Mehl,Backpulver,Mineralwasser,Mandarine(n),Tortenguss, klar,Sahne,Vanillezucker,Sahnesteif,Schmand,Löffelbiskuits,Zucker,Zimt",[],https://www.chefkoch.de/rezepte/1710231279868151/Mandarinen-Sahne-Schnitten.html
1672641275296483,Backen & Süßspeisen,Lockerer Mohnstriezel,4.73,['normal'],46,"['60', 'Min']","['9156', 'kcal']","Wasser,Butter,Weizenmehl,Trockenhefe,Ei(er) (Größe S),Zucker,Vanillezucker,Mehl für die Arbeitsfläche,Wasser zum Bestreichen,Mohn, gemahlener,Milch,Puddingpulver (Vanillegeschmack),Milch,Ei(er) (Größe S),Zucker,Zwieback,Weizenmehl,Mandelblättchen,Zucker,Butter, weiche,Aprikosenkonfitüre oder andere helle Konfitüre,Wasser,Puderzucker,Wasser, warmes",[],https://www.chefkoch.de/rezepte/1672641275296483/Lockerer-Mohnstriezel.html
29141007476938,Backen & Süßspeisen,Cantuccini,4.73,['normal'],787,"['60', 'Min']",None,"Mandel(n),Mehl,Zucker,Backpulver,Vanillezucker,Bittermandelaroma,Salz,Butter, zimmerwarme,Ei(er)",[],https://www.chefkoch.de/rezepte/29141007476938/Cantuccini.html
800701183710671,Backen & Süßspeisen,Mascarpone-Himbeerquark,4.73,['simpel'],882,"['10', 'Min']","['567', 'kcal']","Schlagsahne, 200 g, geschlagen,Naturjoghurt, à 150 g,Mascarpone,Magerquark,Himbeeren, TK, nicht aufgetaut,Zucker,Schokolade, weiße, geraspelt",[],https://www.chefkoch.de/rezepte/800701183710671/Mascarpone-Himbeerquark.html
2497421392380064,Zubereitungsarten,Einfaches Weizenbrot,4.73,['simpel'],86,"['30', 'Min']","['1935', 'kcal']","Weizenmehl,Wasser, lauwarm,Olivenöl,Salz,Zucker,Trockenhefe,Mehl für die Arbeitsfläche",[],https://www.chefkoch.de/rezepte/2497421392380064/Einfaches-Weizenbrot.html
1987521322167867,Backen & Süßspeisen,Mc Fluffy Eis,4.73,['simpel'],86,"['10', 'Min']","['417', 'kcal']","Sahne, oder Cremefine,Milch,Kondensmilch,Zucker,Traubenzucker,Vanillinzucker",[],https://www.chefkoch.de/rezepte/1987521322167867/Mc-Fluffy-Eis.html
1847171299224742,Backen & Süßspeisen,Mohnkuchen für Genießer,4.73,['simpel'],42,"['20', 'Min']",None,"Mehl,Backpulver,Zucker,Butter,Ei(er),Salz,Mohn,Grieß,Butter,Zucker,Vanillezucker,Salz,Milch,Bittermandelaroma oder Rum-Aroma,Apfelkompott,Ei(er) (Größe M),Rosinen",[],https://www.chefkoch.de/rezepte/1847171299224742/Mohnkuchen-fuer-Geniesser.html
1741341283096237,Backen & Süßspeisen,Süße Hefebrötchen,4.68,['simpel'],54,"['30', 'Min']","['2795', 'kcal']","Milch,Trockenhefe,Butter,Mehl,Salz,Zucker,Ei(er),Eigelb,Milch",[],https://www.chefkoch.de/rezepte/1741341283096237/Suesse-Hefebroetchen.html
2917341444052986,Zubereitungsarten,Pulled Pork aus dem Ofen,4.73,['normal'],53,"['90', 'Min']",None,"Schweinenacken ohne Knochen,Senf, mittelscharf,Flüssigrauch, ein paar Spritzer,Paprikapulver, edelsüß,Kreuzkümmelpulver,Pfeffer, schwarz,Zucker, braun,Salz,Cayennepfeffer oder Chilipulver,Apfelsaft,Brühe,Barbecuesauce,Weißkohl,Karotte(n),Zwiebel(n),Mayonnaise,Buttermilch,Honig,Salz,Senf, mittelscharf,Weißweinessig,Pfeffer, schwarz,Wasser, lauwarm,Milch,Frischhefe, keine Trockenhefe,Zucker,Salz,Butter, geschmolzen,Mehl Type 550,Ei(er),Ei(er),Milch,Wasser,Sesam",[],https://www.chefkoch.de/rezepte/2917341444052986/Pulled-Pork-aus-dem-Ofen.html
246931098493642,Zubereitungsarten,Indisches Naan Brot,4.73,['normal'],976,"['25', 'Min']",None,"Mehl,Milch, lauwarme,Zucker,Trockenhefe,Backpulver,Pflanzenöl,Vollmilchjoghurt, leicht geschlagen,Ei(er), leicht geschlagen,Salz,Mehl zum Ausrollen",[],https://www.chefkoch.de/rezepte/246931098493642/Indisches-Naan-Brot.html
1198221225709122,Backen & Süßspeisen,Paderborner Landbrot von ketex,4.73,['simpel'],225,"['10', 'Min']","['2857', 'kcal']","Sauerteig (Roggenmehl 1150), 1- oder 3-stufig geführt,Roggenmehl, 1150,Weizenmehl,Wasser,Salz,Hefe, wer mag",[],https://www.chefkoch.de/rezepte/1198221225709122/Paderborner-Landbrot-von-ketex.html
2874061439669102,Spezielles,Veganer Schokokuchen,4.73,['normal'],254,"['10', 'Min']",None,"Mehl,Backkakao,Zucker oder Xucker (hier verwendet als kalorienreduzierte Variante),Vanilleextrakt,Backpulver,Wasser,Sonnenblumenöl",[],https://www.chefkoch.de/rezepte/2874061439669102/Veganer-Schokokuchen.html
2708511423773201,Zubereitungsarten,Brioche Burger Bun,4.73,['normal'],105,"['30', 'Min']","['2926', 'kcal']","Wasser, warmes,Milch,Hefe, frisch,Zucker,Salz,Butter, weiche,Weizenmehl Type 550,Ei(er),Mehl für die Arbeitsfläche und die Hände,Ei(er),Milch,Wasser,Sesam",[],https://www.chefkoch.de/rezepte/2708511423773201/Brioche-Burger-Bun.html
